ID Progetto,File,Indirizzo,Imprese,Latitudine,Longitudine
186399,Veneto senza verona e vicenza,ex cartiera Galvani  31029 Vittorio Veneto ( TV ),Luma srl,45.973307,12.3114989
274886,emilia romagna,Via Ponente  40133 Bologna ( BO ),Impresa Percassi SpA,44.5084224,11.2990218
293853,Veneto senza verona e vicenza,Loc.Riviera Paleocapa  35141 Padova ( PD ),ArCo Lavori s.coop.consortile; GeDi Group SpA; VF Costruzioni e Restauri Srl; assegnato; integrato; integrato aggiudicato al Consorzio,45.4017209,11.8674049
313694,TRENTINO ALTO ADIGE,Zona Gansplatzen  39044 Egna ( BZ ),Mak Costruzioni srl,46.3070976,11.2673189
321395,emilia romagna,Via Armando Spadini 2  40133 Bologna ( BO ),(nominativo al momento non dichiarato),44.5042659,11.2946634
335871,Veneto senza verona e vicenza,Via Selva Rosata 79  30021 Caorle ( VE ),Manelli Impresa Spa,45.5617946,12.7946751
337356,emilia romagna,Via Copparo  44123 Ferrara ( FE ),Bruni Costruzioni; assegnato,44.846195,11.6523959
354036,TRENTINO ALTO ADIGE,Via Alto Adige  39100 Bolzano ( BZ ),CMB Coop.Muratori e Braccianti di Carpi srl,46.4963108,11.3551164
363162,PIEMONTE,Via Caraglio Via Monginevro  10142 Torino ( TO ),(nominativo al momento non dichiarato); assegnato,45.0645131,7.6421164
363618,Veneto senza verona e vicenza,Sestiere Dorsoduro 2209  30123 Venezia ( VE ),Errico Costruzioni srl,45.4343206,12.3258343
371374,Veneto senza verona e vicenza,Via del Giglio  35100 Padova ( PD ),San Lorenzo Invest srl,45.4365789,11.882154
372246,emilia romagna,47034 Forlimpopoli ( FC ),(nominativo al momento non dichiarato) + Ausa Costruzioni srl + Immobiliare Rossano srl + Matteini Home srl; assegnato,44.1878637,12.128578
386443,TRENTINO ALTO ADIGE,Fr.Settequerce  39018 Terlano ( BZ ),Mastria Costruzioni srl,46.51140470000001,11.2661069
388353,PIEMONTE,Via Bartolomeo Mana  10040 Druento ( TO ),Donizzetti 85 snc; assegnato,45.1288598,7.5744942
393762,PIEMONTE,Via Verdi 18  10078 Venaria Reale ( TO ),Cobar SpA + Fiammengo Federico srl; integrato,45.1314151,7.6277211
400172,PIEMONTE,St. Misterletta  10040 Druento ( TO ),Promicasa srl + Promicasa srl; assegnato,45.1390322,7.5579479
402002,PIEMONTE,C.so Francia 45  10100 Torino ( TO ),Nuova Siet SpA,45.0733691,7.600601699999999
407299,Veneto senza verona e vicenza,via Verdi  35013 Cittadella ( PD ),Tiemme Costruzioni Edili SpA,45.643529,11.7828906
407454,PIEMONTE,10040 Druento ( TO ),Donizzetti 85 snc,45.1346394,7.576493
409086,PIEMONTE,Via Venezia  10070 Robassomero ( TO ),Intercostruzioni SpA; assegnato,45.1960639,7.5696737
409306,emilia romagna,p.le Farini 21  48121 Ravenna ( RA ),CEAR Consorzio Edili Artigiani Ravenna Soc.; Safer srl; Stylcasa srl,44.4187463,12.205547
410608,PIEMONTE,Via Principi di Villafranca 4  10068 Villafranca Piemonte ( TO ),Capogruppo ATI; MIT srl,44.7833939,7.508184699999999
414116,TRENTINO ALTO ADIGE,Via Piave   38122 Trento ( TN ),Habitat SpA Impresa Costruzioni,46.0625814,11.1262839
416425,PIEMONTE,Str. Castelvecchio  10024 Moncalieri ( TO ),Sinfonia Costruzioni srl,45.0075266,7.7028055
417201,PIEMONTE,Via Vernante  12100 Cuneo ( CN ),Effettotetto snc; assegnato,44.3635511,7.5235391
422781,PIEMONTE,Via Nino Bixio  12051 Alba ( CN ),Taricco Costruzioni srl; assegnato,44.7031886,8.0366779
423819,PIEMONTE,Via Bacchiasso  10051 Avigliana ( TO ),Vanzetti Costruzioni srl; assegnato,45.0741297,7.4131289
430929,TRENTINO ALTO ADIGE,39034 Dobbiaco ( BZ ),Merotto Bau,46.7355741,12.2212221
435310,PIEMONTE,via C.Ramo  10090 Buttigliera Alta ( TO ),MIRO srl Costruzioni Edili,45.0823375,7.4266597
437464,PIEMONTE,Via XXIV Maggio 20  28921 Verbania ( VB ),Frua Immobiliare srl,45.9413754,8.5614394
441181,Veneto senza verona e vicenza,Via Asseggiano  30174 Venezia ( VE ),(nominativo al momento non dichiarato),45.4951428,12.1910608
443862,Veneto senza verona e vicenza,Via T.Aspetti 259  35134 Padova ( PD ),Cons. Stabile Conpat scarl; GeDi Group SpA; Taddei Spa,45.4297674,11.8880823
446522,PIEMONTE,C.so Bagni  15011 Acqui Terme ( AL ),Costruzioni Imm.re Piemonte srl; assegnato,44.6704051,8.4687066
446974,PIEMONTE,via Pisa 38  10152 Torino ( TO ),Perino Piero srl,45.0757341,7.6940428
447227,emilia romagna,Via Bergamo  47838 Riccione ( RN ),I Platani srl; integrato aggiudicato all'impresa segnalata che ha indicato i,43.99267,12.6623023
447604,PIEMONTE,Via del Molino  10045 Piossasco ( TO ),ICR Costruzioni srl; assegnato,44.9863552,7.4624815
448261,PIEMONTE,via don Orione  12042 Bra ( CN ),Mondavi Costruzioni Bra,44.7141578,7.8318533
448515,PIEMONTE,Via N. Bixio 1  10043 Orbassano ( TO ),Martignon Costruzioni di Martignon Gabriele sas; assegnato,45.00893079999999,7.5387621
449737,emilia romagna,Via dell'Agricoltura  48123 Ravenna ( RA ),Epi srl; assegnato,44.4352094,12.1982337
451922,emilia romagna,Via della Beverara  40131 Bologna ( BO ),ITI Impresa Generale SpA; aggiudicato all'impresa segnalata che ha; assegnato,44.5175076,11.3311626
453271,emilia romagna,Via Emilia  40064 Ozzano dell'Emilia ( BO ),Futura Costruzioni srl,44.4437443,11.4788431
454307,emilia romagna,Via S.Eufemia 25  41121 Modena ( MO ),AEC Costruzioni srl,44.6469567,10.9237794
454717,PIEMONTE,P.za Europa  12100 Cuneo ( CN ),Barra Costruzioni srl,44.384053,7.5413579
454879,PIEMONTE,V.le Dante Alighieri 21  28100 Novara ( NO ),Notarimpresa SpA; assegnato,45.4496956,8.6162723
455789,emilia romagna,Via Costa 106  47822 Santarcangelo di Romagna ( RN ),Zanon Prefabbricati,44.0686715,12.4332105
457187,TRENTINO ALTO ADIGE,Via Antonio Pacinotti  39100 Bolzano ( BZ ),Habitat SpA Impresa Costruzioni; assegnato,46.4827162,11.3313806
457918,PIEMONTE,Via Beppe Fenoglio  14053 Canelli ( AT ),Olivieri Costruzioni Generali srl; assegnato,44.7262369,8.3000168
459380,PIEMONTE,Via Bergamo  10036 Settimo Torinese ( TO ),Bonarrigo Costruzioni srl,45.1502372,7.7826872
459429,PIEMONTE,Via Giuseppe Verdi 9  10124 Torino ( TO ),Alma CIS srl; Capogruppo ATI; Consorzio San Luca srl,45.0695393,7.6896272
459540,Veneto senza verona e vicenza,Via Cavour  35020 Ponte San Nicolò ( PD ),Galiazzo Fratelli Costruzioni srl,45.3640416,11.9099118
459556,TRENTINO ALTO ADIGE,Via Dante 27  39031 Brunico ( BZ ),Elpo srl; Schmidhammer srl; Unionbau SpA + Wipptaler Bau SpA,46.7985767,11.9483053
460721,PIEMONTE,Via Verbano  28100 Novara ( NO ),Centauro Group; assegnato,45.4776045,8.6285092
461433,emilia romagna,Via C. Breveglieri 2/2  44042 Cento ( FE ),Attiva Costruzioni srl; Cires Società Cooperativa; Consorzio Integra Società Cooperativa,44.7306825,11.2910966
462603,TRENTINO ALTO ADIGE,P.za Righi  38086 Pinzolo ( TN ),Pavoni SpA,46.2307443,10.8265439
463397,emilia romagna,Via Cappella 109  41053 Maranello ( MO ),CME Consorzio Imprenditori Edili s.coop.,44.50715960000001,10.8729908
463902,PIEMONTE,Via San Massimo   10040 Rivalta di Torino ( TO ),Morabito Costruzioni; assegnato,45.0241452,7.5241293
463961,emilia romagna,Via del Municipio 2  47028 Verghereto ( FC ),Baglioni srl,43.79529,12.00567
464092,emilia romagna,Via Montevecchio  47921 Rimini ( RN ),Venturelli Romolo Srl,44.0053215,12.5549224
464255,TRENTINO ALTO ADIGE,39040 Trodena nel parco naturale ( BZ ),Holzbau Brida srl,46.3225071,11.3493661
464989,Veneto senza verona e vicenza,Via Tinto  30174 Venezia ( VE ),Suninvest SpA,45.5107111,12.2447528
465703,PIEMONTE,Via S.Maria  12030 Lagnasco ( CN ),Edil Costruzioni srl; assegnato,44.6255107,7.551994
468109,Veneto senza verona e vicenza,Via Don Lorenzo Milani  35020 Arzergrande ( PD ),Edil Ciemme srl,45.2749243,12.0754167
468342,PIEMONTE,Str. Profonda  12051 Alba ( CN ),Domus sas,44.6850837,8.0364157
469010,Veneto senza verona e vicenza,Via Valeri  35131 Padova ( PD ),Consorzio Stabile Pedron Costruzioni Generali; assegnato,45.4148775,11.8811874
469121,PIEMONTE,Via C.L.N.   10095 Grugliasco ( TO ),Cogeor srl; assegnato,45.0675383,7.5679174
469338,TRENTINO ALTO ADIGE,38060 Calliano ( TN ),Capogruppo ATI; Pojer Enzo & C.snc Impresa Costruzioni,45.93515379999999,11.0942374
469977,emilia romagna,Via Nonantolana 221  41122 Modena ( MO ),ArCo Lavori s.coop.consortile; VF Costruzioni e Restauri Srl + Scientia srl,44.6542744,10.9396493
470153,PIEMONTE,C.so Goffredo Mameli 153  28921 Verbania ( VB ),Seven srl; assegnato,45.9362264,8.5758827
470256,PIEMONTE,Via Druento  10044 Pianezza ( TO ),Neglia Costruzioni srl,45.1118731,7.5596479
472222,TRENTINO ALTO ADIGE,Via Castel Flavon 5  39100 Bolzano ( BZ ),Dalle Nogare Costruzioni srl,46.4886044,11.3484601
473208,Veneto senza verona e vicenza,Via Monte Bianco  31044 Montebelluna ( TV ),(nominativo al momento non dichiarato),45.7701292,12.026915
474845,PIEMONTE,Via Pisa 18  10152 Torino ( TO ),Fiammengo Federico srl,45.0782151,7.6917613
474849,PIEMONTE,Via Langrage 35  10123 Torino ( TO ),Primula Costruzioni srl,45.0645345,7.681906100000001
474884,PIEMONTE,via Don Orione  12042 Bra ( CN ),Mondavi Costruzioni Bra; assegnato,44.7141578,7.8318533
476035,emilia romagna,Loc. Castelguelfo  43010 Fontevivo ( PR ),Scaramuzza Fabrizio srl,44.825244,10.211905
477671,emilia romagna,Via Canaletto  41124 Modena ( MO ),ITI Impresa Generale SpA; assegnato; integrato,44.6569468,10.9323436
477823,PIEMONTE,Area ex campo base TAV  28100 Novara ( NO ),MIT srl,45.4467749,8.6168696
477828,PIEMONTE,Area ex Campo Base TAV  28100 Novara ( NO ),Capogruppo ATI; Dussmann Service Italia,45.4467749,8.6168696
478145,Veneto senza verona e vicenza,Via Cavour  30014 Cavarzere ( VE ),Capogruppo ATI; Erre Costruzioni srl; Sogedico srl; integrato; integrato aggiudicato alle imprese segnalate riunite in ATI.,45.1399718,12.085654
478537,PIEMONTE,Via Cordara  14049 Nizza Monferrato ( AT ),Branda srl; assegnato,44.7745533,8.3551909
478867,PIEMONTE,Via Cravero 107  10095 Grugliasco ( TO ),Selva Mercurio srl,45.06256,7.580214299999999
479028,emilia romagna,Via P. Togliatti  40050 Monte San Pietro ( BO ),Ter Costruzioni srl,44.4484287,11.1893038
479436,emilia romagna,PEEP Q.re Farnesiana  29122 Piacenza ( PC ),BeGen Infrastrutture srl,45.0300347,9.7138525
479847,TRENTINO ALTO ADIGE,Via Carlo Devigili  38017 Mezzolombardo ( TN ),De Vigili Imm.re srl,46.2089268,11.0995313
480168,PIEMONTE,Fr. Pieggio  28824 Oggebbio ( VB ),Fracti Costruzioni srl; assegnato,45.9959935,8.6510745
480474,Veneto senza verona e vicenza,Via Pizzamano 34  35127 Padova ( PD ),IPS Srl,45.3714459,11.9106245
480772,PIEMONTE,Via Stazione  10090 Rosta ( TO ),Crisma Costruzioni,45.0745412,7.4628222
480889,PIEMONTE,C.so Susa  10098 Rivoli ( TO ),Ortoncelli Costruzioni srl; assegnato,45.0801571,7.5080571
481673,emilia romagna,Via Brando Brandi  47121 Forlì ( FC ),Olivucci Enea Srl,44.1772213,12.0689615
482388,PIEMONTE,Q.re Sant'Agabio  28100 Novara ( NO ),Mattioda Pierino & Figli SpA; integrato,45.4458388,8.637461199999999
482730,PIEMONTE,Via Alfazio 5  10046 Poirino ( TO ),Capogruppo ATI; Dicearco Costruzioni srl; Pace Costruzioni srl,44.9211025,7.846222300000001
484444,PIEMONTE,Via San Damiano Macra  12100 Cuneo ( CN ),COIFA srl; Romano Costruzioni & C srl - Gruppo Romano,44.3963666,7.5189003
484759,emilia romagna,Fr. Borgonuovo  40037 Sasso Marconi ( BO ),Capogruppo ATI; Consorzio Stabile Costruendo srl; assegnato; integrato aggiudicato alle imprese segnalate riunite in,44.4406982,11.2736358
484905,PIEMONTE,10060 San Secondo di Pinerolo ( TO ),Francesco Romano srl; assegnato,44.8653995,7.2989473
484950,PIEMONTE,Via Rocca de Baldi 7  12100 Cuneo ( CN ),COIFA srl; Capogruppo ATI,44.3904757,7.566931800000001
485035,PIEMONTE,14019 Villanova d'Asti ( AT ),RR snc di Bollito e Carullo,44.9422816,7.9377458
485904,Veneto senza verona e vicenza,35100 Padova ( PD ),Industrie Edili SpA; assegnato,45.4108465,11.8702298
486094,Veneto senza verona e vicenza,Via Chiesa Prà 53  35042 Este ( PD ),Atheste Costruzioni srl; aggiudicato all'impresa segnalata che ha offerto il ribasso del 6%.; assegnato,45.2079207,11.6506596
486105,Veneto senza verona e vicenza,35042 Este ( PD ),Fae di Farina Andrea & C Snc + Zennaro Costruzioni Srl; aggiudicato all'impresa segnalata che ha offerto; assegnato,45.2290261,11.6566254
486107,Veneto senza verona e vicenza,Via San Girolamo  35042 Este ( PD ),Ruffato Mario srl; aggiudicato all'impresa segnalata che ha offerto il; assegnato,45.2276213,11.6592289
486880,PIEMONTE,Fr. Abbadia Alpina  10064 Pinerolo ( TO ),ICR Costruzioni srl,44.88587159999999,7.3095834
488230,PIEMONTE,Via Roma  13854 Quaregna Cerreto ( BI ),ISI Costruzioni Generali srl,45.5671617,8.153512
488911,Veneto senza verona e vicenza,Via San Francesco  35020 Ponte San Nicolò ( PD ),Scapin Costruzioni srl,45.3616573,11.9374784
489197,PIEMONTE,P.za Alciati 4-11-15  13100 Vercelli ( VC ),Notarimpresa SpA,45.3245668,8.424615900000001
489424,PIEMONTE,Via Giaveno   10040 Rivalta di Torino ( TO ),Gemina srl,45.0132074,7.5045824
489601,PIEMONTE,Via Botoneri  12062 Cherasco ( CN ),Marengo Costruzioni srl; assegnato,44.6433438,7.8569318
489606,PIEMONTE,V.le Stazione 3  10024 Moncalieri ( TO ),PaREd srl,44.99888860000001,7.679682099999999
489613,PIEMONTE,C.so Trieste 41  10024 Moncalieri ( TO ),Consorzio Stabile Energos; Fenix Consorzio Stabile scarl,45.009234,7.670859699999999
489615,PIEMONTE,Via S.Maria 78/80/82  10024 Moncalieri ( TO ),Studio Oikos srl,44.9920664,7.6638633
489750,emilia romagna,Loc. Quara  42010 Toano ( RE ),Tazzioli e Magnani srl,44.356627,10.5078975
489767,PIEMONTE,Via G. Ferraris  13100 Vercelli ( VC ),Notarimpresa SpA,45.3277404,8.4200875
490142,PIEMONTE,Via Dante 87-89  13100 Vercelli ( VC ),Notarimpresa SpA,45.3266061,8.4197123
490161,emilia romagna,Via Zanasi 60  41013 Castelfranco Emilia ( MO ),Capogruppo ATI; Mei Tecnologie e Costruzioni srl,44.593983,11.052136
490196,emilia romagna,Via Europa  47822 Santarcangelo di Romagna ( RN ),FLP Costruzioni srl,44.0604613,12.4577732
490467,emilia romagna,Via Grandi 195  41019 Soliera ( MO ),ArCo Lavori s.coop.consortile; VF Costruzioni e Restauri srl,44.73987289999999,10.925054
490728,PIEMONTE,10023 Chieri ( TO ),GL Costruzioni srl,45.013725,7.8231364
490773,PIEMONTE,St. Becco d'Ania  12038 Savigliano ( CN ),Immobiliare Santarosa srl,44.6481313,7.6539457
491208,Veneto senza verona e vicenza,35030 Selvazzano Dentro ( PD ),Coeb Costruzioni srl,45.387051,11.7915896
491290,emilia romagna,Via Puccini  40026 Imola ( BO ),Mucini Srl di Mucini Gianfranco,44.3462132,11.6855878
491589,Veneto senza verona e vicenza,Via Stadio 16  31015 Conegliano ( TV ),Golden Art srl,45.8814895,12.3047018
491816,PIEMONTE,Via Santa Caterina 25  15011 Acqui Terme ( AL ),Bianchi Costruzioni sas di Bianchi geom Carlo e C,44.6733784,8.464229999999999
492294,emilia romagna,Via La Spezia  43100 Parma ( PR ),assegnato,44.783076,10.2901098
493004,PIEMONTE,C.so Alfieri 22  14100 Asti ( AT ),(nominativo al momento non dichiarato),44.9025523,8.212357899999999
493574,Veneto senza verona e vicenza,Via Carlo Goldoni  35010 Massanzago ( PD ),Fam Real Estate; assegnato,45.5534686,12.0013151
493747,emilia romagna,Via Tine  44022 Comacchio ( FE ),Cires Società Cooperativa; Consorzio Integra Società Cooperativa; Seep Bo srl; assegnato,44.6859721,12.1940148
493748,emilia romagna,Via Risorgimento  44022 Comacchio ( FE ),Alco Costruzioni srl,44.6783948,12.2299464
494465,emilia romagna,Via Mar Nero  41012 Carpi ( MO ),Garc SpA; assegnato,44.8213778,10.88605
494586,PIEMONTE,Via Calderara 12-18  28100 Novara ( NO ),Gruppo Tecnoimprese srl,45.4453275,8.645506899999999
494678,PIEMONTE,Via Beale  10094 Giaveno ( TO ),Consorzio Innova Società Cooperativa,45.0343803,7.3468669
495306,PIEMONTE,V.le degli Angeli 130  12100 Cuneo ( CN ),Artusio Costruzioni srl; assegnato,44.3710052,7.539538199999999
495412,emilia romagna,Via Lama di Reno 30  40043 Marzabotto ( BO ),Balestri Srl; Effe-Gi Impianti Srl,44.3634498,11.216306
495495,emilia romagna,V.le Amerigo Vespucci  48125 Ravenna ( RA ),Galileo srl,44.3241064,12.3337811
495536,PIEMONTE,Loc. Area Altipiano  12100 Cuneo ( CN ),Giordano Costruzioni srl,44.3844766,7.5426711
495897,emilia romagna,via Belisardi  47833 Morciano di Romagna ( RN ),Immobiliare Valconca snc; SB Gestioni snc; assegnato,43.9094638,12.6533025
495903,emilia romagna,Via Saragat  40019 Sant'Agata Bolognese ( BO ),Edilcraft srl,44.6595848,11.1456225
495912,PIEMONTE,15060 Carrosio ( AL ),Schiavo srl,44.6583463,8.8320543
496074,PIEMONTE,10077 San Maurizio Canavese ( TO ),Martinetto Costruzioni srl,45.2178256,7.634217799999999
496253,Veneto senza verona e vicenza,Via Martiri delle Foibe  32036 Sedico ( BL ),Tena srl,46.1138677,12.0928919
496384,emilia romagna,Via Sacco e Vanzetti  44021 Codigoro ( FE ),Cires Società Cooperativa; Consorzio Integra Società Cooperativa; Seep Bo srl,44.8296325,12.1162043
496560,emilia romagna,Via Tisi 4  44011 Argenta ( FE ),Cires Società Cooperativa; Consorzio Integra Società Cooperativa; Seep Bo srl,44.6107088,11.8420214
496599,emilia romagna,Via R. Livatino 2  43039 Salsomaggiore Terme ( PR ),Renato Monica srl; integrato,44.81658849999999,9.9945036
496662,Veneto senza verona e vicenza,31027 Spresiano ( TV ),GSE Gestione Servizi Edilizia srl,45.78011129999999,12.2595261
496671,emilia romagna,Via Verga 2  44047 Terre del Reno ( FE ),Medil srl Costruzioni Generali,44.8019071,11.4133937
496776,emilia romagna,Via Andrea Costa 4  42016 Guastalla ( RE ),Edilpiù di Vaccari Emerenzio & C Snc,44.9212965,10.6504698
496930,emilia romagna,Via Vittorio Emanuele II 20/ a-b  44027 Fiscaglia ( FE ),GC Appalti srl; assegnato; integrato,44.798827,11.9735855
496932,emilia romagna,Via Rodolfo Morandi 1  44023 Lagosanto ( FE ),P & C Costruzioni srl; Rico Costruzioni srl; integrato,44.7625854,12.1453606
496942,emilia romagna,Via Lorenzini 1  44020 Ostellato ( FE ),Medil srl Costruzioni Generali,44.7652349,11.8729277
496946,emilia romagna,Via Roma 39  44015 Portomaggiore ( FE ),Alco Costruzioni srl,44.6994501,11.8062143
497418,emilia romagna,Via Celletta dell'Olio  47822 Santarcangelo di Romagna ( RN ),Dolci Ezio,44.0539705,12.4438825
497722,emilia romagna,Via Nenni 41  44028 Poggio Renatico ( FE ),Medil srl Costruzioni Generali; integrato,44.76243849999999,11.4895676
497909,emilia romagna,Via Focherini  41043 Formigine ( MO ),Frascari Ferruccio SpA,44.5799229,10.8447998
498124,PIEMONTE,Via Orsoline  28922 Verbania ( VB ),Fracti Costruzioni srl; assegnato,45.9250592,8.5509109
498532,emilia romagna,V.le Piemonte  47838 Riccione ( RN ),Sorgente srl,44.0077449,12.6269914
498895,emilia romagna,Via B.go San Giuseppe 32  43125 Parma ( PR ),Cams Servizi Edili srl; Capogruppo ATI; F.lli B System Srl,44.7997812,10.3191568
498898,emilia romagna,Via del Garda 8  43123 Parma ( PR ),Cams Servizi Edili srl; Capogruppo ATI,44.8023183,10.3503157
499023,PIEMONTE,Via Martiri  12081 Beinette ( CN ),Impresa Edile Marchisio di Marchisio Renato & C,44.3667195,7.6426329
499108,emilia romagna,Via San Leo 10  44019 Voghiera ( FE ),Medil srl Costruzioni Generali; assegnato,44.7670023,11.751336
499209,PIEMONTE,Via San Gillio  10044 Pianezza ( TO ),Fanutza Costruzioni srl; Franchino Costruzioni srl; assegnato,45.1145938,7.5445213
499256,emilia romagna,via Mirti  43015 Noceto ( PR ),Classe A srl,44.8220546,10.2150709
500059,Veneto senza verona e vicenza,Via della Pace  45010 Villadose ( RO ),Edilcos Costruzioni srl,45.0740046,11.8920927
500078,PIEMONTE,via Raffaello Sanzio  10036 Settimo Torinese ( TO ),(nominativo al momento non dichiarato); assegnato,45.1290837,7.7589534
500466,PIEMONTE,28040 Varallo Pombia ( NO ),Edil Stone Immobiliare srl; assegnato,45.6665192,8.6329896
500506,PIEMONTE,Via Buonarroti 18  28100 Novara ( NO ),Costruzioni Edili Ferrò srl,45.4427088,8.6149559
500595,emilia romagna,Via Card.Maculani  29100 Piacenza ( PC ),Housingest Network Srl,45.0588439,9.6945459
500677,PIEMONTE,Via G. Pacchiotti   10094 Giaveno ( TO ),Macchia srl,45.0776928,7.6274815
500774,PIEMONTE,Via Comba Romana  12026 Piasco ( CN ),Rinaudo Costruzioni di Rinaudo Francesco & C snc,44.56238,7.4513213
500955,Veneto senza verona e vicenza,Q.re. San Liberale  31100 Treviso ( TV ),Capogruppo ATI; Ecis Global srl; Mini Costruzioni Srl,45.5494774,12.3366256
501108,PIEMONTE,C.so Stati Uniti 21  10128 Torino ( TO ),Primula Costruzioni srl,45.06249469999999,7.6701742
501670,PIEMONTE,Via Cavour 3  28100 Novara ( NO ),Capogruppo ATI,45.4493226,8.6218956
501719,Veneto senza verona e vicenza,Via Antonio Carpene'  31015 Conegliano ( TV ),Fim Group srl; assegnato,45.8931795,12.3025181
501856,PIEMONTE,Area ex Veglio   10154 Torino ( TO ),Mattioda Pierino & Figli SpA,45.0998344,7.710656600000001
501980,TRENTINO ALTO ADIGE,38060 Nogaredo ( TN ),Luzzi Adelmo & C. snc,45.9143396,11.0214414
502032,PIEMONTE,Via Voltaggio   15066 Gavi ( AL ),Vallemme Costruzioni snc; assegnato,44.6838916,8.8074559
502430,emilia romagna,Str. del Lazzaretto  43123 Parma ( PR ),Buozzi & C. Costruzioni srl,44.7613676,10.3761713
502432,emilia romagna,Via Budellungo Est  43123 Parma ( PR ),Immobiliare Farnese srl,44.781875,10.356819
502674,emilia romagna,Via Celletta dell’Olio 649  47822 Santarcangelo di Romagna ( RN ),EnCam Srl,44.0529763,12.4438342
503391,PIEMONTE,Via Costantino Perazzi 34  28100 Novara ( NO ),Frola Group Costruzioni,45.4411356,8.6082627
503806,emilia romagna,Via Gandolfi  40050 Castello d'Argile ( BO ),Merighi srl,44.6762477,11.2955451
503993,Veneto senza verona e vicenza,Via Scarlatti 2  45100 Rovigo ( RO ),Barzon Costruzioni Generali; aggiudicato; assegnato,45.0674915,11.771813
503994,Veneto senza verona e vicenza,Via W. Ferrari 30  45100 Rovigo ( RO ),Milan Luigi srl,45.0748447,11.7850885
504015,PIEMONTE,St. Romana  10040 Caselette ( TO ),Impresapiemonte srl,45.107729,7.4823481
504053,emilia romagna,Via Fenuzzi   41049 Sassuolo ( MO ),Acea Costruzioni SpA,44.5400508,10.7824231
504244,emilia romagna,via Benassi  41122 Modena ( MO ),Morbio Costruzioni SpA,44.6573172,10.9279091
504281,PIEMONTE,Via Umberto I  10060 Piscina ( TO ),Impregest srl,44.9153292,7.4283998
504317,TRENTINO ALTO ADIGE,Via Filzi 8  38122 Trento ( TN ),Mastropasqua Costruzioni srl,46.0588017,11.1195721
504333,TRENTINO ALTO ADIGE,38060 Volano ( TN ),TDL Costruzioni srl,45.9178679,11.0638977
504363,PIEMONTE,10024 Moncalieri ( TO ),CGV Costruzioni Generali Valdostane srl; CoMar srl + Costruzioni Edil Deca srl; assegnato,44.9983525,7.680287799999999
504369,TRENTINO ALTO ADIGE,Via Salita dei Molini  38123 Trento ( TN ),Rs Iniziative srl,46.0460241,11.1471511
504390,TRENTINO ALTO ADIGE,Via delle Tre Croci 52  38121 Trento ( TN ),Franceschini Paolo srl,46.12672449999999,11.1152692
504507,TRENTINO ALTO ADIGE,Via Maioliche 40  38068 Rovereto ( TN ),Bertolini Ocea Impianti srl; DEGA di Gasperini Miriam & C sas,45.8830613,11.0376815
504521,TRENTINO ALTO ADIGE,Via Claudia Augusta 87/89  39100 Bolzano ( BZ ),AP Elettrica snc di Alberto Pecoraro e C.; Capogruppo ATI; Termoidraulica Parotto Vittorino srl,46.48219049999999,11.3425006
504662,Veneto senza verona e vicenza,Vc. Palladio  31040 Volpago del Montello ( TV ),Costruzioni Bordignon srl; assegnato,45.740844,12.0903249
505010,PIEMONTE,Via Luigi Einaudi 26-28  12011 Borgo San Dalmazzo ( CN ),Giuggia Costruzioni srl,44.3343952,7.495040200000001
505048,emilia romagna,Via Autoparco  47122 Forlì ( FC ),CSC Costruzioni srl; Capogruppo ATI; Minicucci Cairo Srl,44.2323214,12.0342214
505092,PIEMONTE,10070 San Carlo Canavese ( TO ),Abita Costruzioni srl + Abita Costruzioni srl; assegnato,45.2486359,7.610011099999999
505097,TRENTINO ALTO ADIGE,39040 Castelrotto ( BZ ),Zima Costruzioni srl,46.5668544,11.5599547
505109,Veneto senza verona e vicenza,Via San Francesco  35028 Piove di Sacco ( PD ),Lasa F.lli Nata srl,45.2922868,12.0345921
505156,PIEMONTE,Via Argentera  10086 Rivarolo Canavese ( TO ),Mautino Armando & C snc,45.3164247,7.7224179
505539,emilia romagna,Str. Corletto Sud 237  41123 Modena ( MO ),VF Costruzioni e Restauri srl,44.6248705,10.8420252
505766,PIEMONTE,Loc. Vivario  10081 Castellamonte ( TO ),Artedil snc di Trossello e Cesare & C; assegnato,45.3829612,7.713235099999999
505769,PIEMONTE,Via Peschiera 12  10036 Settimo Torinese ( TO ),Senna Costruzioni srl,45.1324624,7.7730917
506026,Veneto senza verona e vicenza,Via Acquapendente  35020 Albignasego ( PD ),assegnato,45.3895114,11.8800648
506187,emilia romagna,P.za Adamo Boari  44124 Ferrara ( FE ),Geo Costruzioni srl; assegnato; integrato aggiudicato,44.7231683,11.6869143
506193,Veneto senza verona e vicenza,"Via Giolitti, 1  35129 Padova ( PD )",Consorzio Stabile Artemide; assegnato,45.4143361,11.915496
506403,TRENTINO ALTO ADIGE,39040 Barbiano ( BZ ),Brugger Christian & C. + Frommer srl; assegnato,46.6038108,11.5205337
506787,emilia romagna,Via Alda Merini 2   40055 Castenaso ( BO ),Abitare Villanova srl,44.50906699999999,11.4689067
506874,PIEMONTE,Via Passerella  28831 Baveno ( VB ),Tecno Costruzioni srl,45.9745208,8.4213918
507230,Veneto senza verona e vicenza,località Lagusello  32022 Alleghe ( BL ),(nominativo al momento non dichiarato),46.4329811,12.0061612
507710,emilia romagna,Via Ca' Bianca  41057 Spilamberto ( MO ),Costruire Bio,44.5180285,11.0027173
507738,PIEMONTE,Via Giuseppe Zanoia 22  28100 Novara ( NO ),FIDES srl,45.4384472,8.6120285
507834,Veneto senza verona e vicenza,Via Arco di Giano  35129 Padova ( PD ),Industrie Edili SpA,45.4226426,11.9159623
508015,TRENTINO ALTO ADIGE,38065 Mori ( TN ),(nominativo al momento non dichiarato),45.8519652,10.9779068
508641,PIEMONTE,Loc. Riva Valdobbia  13021 Alagna Valsesia ( VC ),Bertini Costruzioni srl,45.8328014,7.954300900000001
508865,Veneto senza verona e vicenza,Via San Pietro 7  32033 Lamon ( BL ),(nominativo al momento non dichiarato),46.0451646,11.7480786
508974,TRENTINO ALTO ADIGE,38023 Cles ( TN ),Edilnova Cles srl,46.3647143,11.0354393
509232,emilia romagna,Via Dalmazia 85  42124 Reggio nell'Emilia ( RE ),R.Z. srl; assegnato,44.6989262,10.6177845
509281,Veneto senza verona e vicenza,Via Manzoni   35020 Albignasego ( PD ),Aquarius Immobiliare srl,45.3496869,11.847716
509372,Veneto senza verona e vicenza,Via Armando Diaz 62  35031 Abano Terme ( PD ),Frizzarin Carlo srl,45.362302,11.7939847
509708,PIEMONTE,C.so Grosseto 115  10147 Torino ( TO ),Consorzio Stabile Artemide,45.1040943,7.680598499999999
510036,emilia romagna,40035 Castiglione dei Pepoli ( BO ),Impresa Baldi Alfiero,44.1417625,11.1603374
510093,Veneto senza verona e vicenza,Via De Gasperi  35030 Rubano ( PD ),Tiemme Costruzioni Edili SpA,45.4307244,11.7941166
510369,emilia romagna,V.le delle Sirti  48122 Ravenna ( RA ),assegnato,44.4454739,12.2913137
510405,PIEMONTE,Fr. Bauducchi  10024 Moncalieri ( TO ),Casetta Costruzioni srl; assegnato,44.9646242,7.71238
510689,emilia romagna,Navile  40122 Bologna ( BO ),G&G srl,44.499511,11.3385999
510751,emilia romagna,Via Ca' Rossa  47121 Forlì ( FC ),Valbonetti Costruzioni srl,44.2012531,12.0402867
510814,emilia romagna,Via Colombarina 2/b  40024 Castel San Pietro Terme ( BO ),Morelli 19 srl; assegnato,44.4026038,11.5865719
510854,emilia romagna,Loc. Uccellino  44124 Ferrara ( FE ),Arco srl; assegnato; integrato; integrato aggiudicato all'impresa segnalata che ha indicato i,44.7915593,11.5716494
510855,emilia romagna,Via Verga 62  44124 Ferrara ( FE ),Rico Costruzioni srl; integrato; integrato aggiudicato all'impresa segnalata che ha indicato i,44.8222858,11.5990795
511389,Veneto senza verona e vicenza,Via Risorgimento  35020 Albignasego ( PD ),New Costruzioni srl,45.3369134,11.9034182
511610,TRENTINO ALTO ADIGE,Loc. Canova di Gardolo  38121 Trento ( TN ),Cermis srl; Trento Due srl,46.0991046,11.1086043
512015,emilia romagna,via Col di Lana  44042 Cento ( FE ),Tassi Group Holding srl,44.7608024,11.2872967
512017,emilia romagna,Via Cornacchia  48018 Faenza ( RA ),Immobiliare Due Fonti srl,44.2534501,11.8722669
512319,PIEMONTE,Via Nobili De Toma  28017 San Maurizio d'Opaglio ( NO ),Simonotti Franco Costruzioni srl,45.7806172,8.389165
512456,TRENTINO ALTO ADIGE,39030 Marebbe ( BZ ),(nominativo al momento non dichiarato),46.7021425,11.9317817
512649,emilia romagna,Loc. Milano Marittima  48015 Cervia ( RA ),Gruppo Ritmo srl,44.2680664,12.3553337
512711,emilia romagna,Via Sminatori  40026 Imola ( BO ),(nominativo al momento non dichiarato),44.3431614,11.6938721
513031,emilia romagna,Via Prati    29011 Borgonovo Val Tidone ( PC ),Edilvaltidone srl,45.0182209,9.4411068
513949,emilia romagna,Via S.Marina 35  40010 Bentivoglio ( BO ),Paolucci Costruzioni srl,44.6031573,11.4179637
514013,TRENTINO ALTO ADIGE,39058 Sarentino ( BZ ),Moser Bau srl; assegnato,46.6427009,11.3572951
514086,PIEMONTE,Via Verrua  10040 Osasio ( TO ),Costruttori Qualificati srl,44.8703767,7.607706
514297,PIEMONTE,14049 Nizza Monferrato ( AT ),FabioLovisolo Impresa Edile,44.7756816,8.3603966
514304,emilia romagna,43036 Fidenza ( PR ),Edilfidenza Due Coop.s.coop.a rl + Scaramuzza Fabrizio srl; assegnato + assegnato,44.8649666,10.0618418
514322,TRENTINO ALTO ADIGE,Via delle Piazzole 27  38123 Trento ( TN ),Postal Ivano srl,46.0151175,11.10421
514335,PIEMONTE,Via Roma  12010 Cervasca ( CN ),Effettotetto snc,44.3824118,7.468498
514360,PIEMONTE,Via Vecchia di Borgo San Dalmazzo  12100 Cuneo ( CN ),ICEG snc di Gallo Giuseppe & Figli,44.3726676,7.5273589
514418,emilia romagna,Via Arona 4  47838 Riccione ( RN ),CEAR Consorzio Edili Artigiani Ravenna Soc.; Cavallaro Costruzioni; Impiantistica Di Sabba Lazzaro & C Srl; aggiudicato al Consorzio segnalato che ha; assegnato,44.0185403,12.6282058
514439,Veneto senza verona e vicenza,fr. Mejaniga  35010 Cadoneghe ( PD ),Furlan Costruzioni srl,45.4542321,11.9013505
515152,TRENTINO ALTO ADIGE,39100 Bolzano ( BZ ),Atzwanger SpA; Capogruppo ATI; Erdbau srl; Obrist srl; Vitralux srl; assegnato,46.4949259,11.3402543
515182,emilia romagna,Via Collodi 3  40024 Castel San Pietro Terme ( BO ),Romagnoli Costruzioni Edili srl,44.421295,11.520178
515185,emilia romagna,P.zza Togliatti  47035 Gambettola ( FC ),Impresa Edile Medri Renzo & C. snc,44.1063682,12.3363412
515210,PIEMONTE,Via Vercelli  13012 Borgo Vercelli ( VC ),Vesoli Francesco srl,45.3534303,8.4614247
515418,emilia romagna,Via Spadari  44121 Ferrara ( FE ),Costruzioni Borelli,44.8384874,11.6170539
515804,Veneto senza verona e vicenza,Via Galilei 72  31029 Vittorio Veneto ( TV ),Presotto Ennio srl; aggiudicato all'impresa segnalata che ha; assegnato,45.9837378,12.2998354
516073,Veneto senza verona e vicenza,31044 Montebelluna ( TV ),Parisotto Danilo Costruzioni Edili,45.7773597,12.0515842
516384,emilia romagna,29020 Gossolengo ( PC ),Cooperativa Artigiani  di Gossolengo scarl,45.0011606,9.616643999999999
516711,emilia romagna,via Abeti 22  44022 Comacchio ( FE ),Albieri srl,44.668213,12.2446034
516751,PIEMONTE,Via San Paolo della Croce  28062 Cameri ( NO ),Nderjaku Ervis Impresa Edile,45.5098885,8.6664907
517255,emilia romagna,via Moreali 245  41124 Modena ( MO ),Safim srl,44.6371595,10.9387389
517297,emilia romagna,Via Mavora  40019 Sant'Agata Bolognese ( BO ),Scandia Costruzioni srl,44.666801,11.1252383
517541,emilia romagna,Via Speranza  40068 San Lazzaro di Savena ( BO ),Gruppo Dipierri SpA,44.4755738,11.4118767
517610,emilia romagna,via Terracini  40131 Bologna ( BO ),Gruppo Dipierri SpA,44.5157674,11.3206699
517989,emilia romagna,Via del Pereto  29029 Rivergaro ( PC ),Tibulli Costruzioni srl,44.916505,9.5936689
518049,emilia romagna,Via Caduti per la libertà 16  47814 Bellaria-Igea Marina ( RN ),Tosi Immobiliare,44.148853,12.4595989
518105,emilia romagna,via Valle Quaderna 6   40064 Ozzano dell'Emilia ( BO ),(nominativo al momento non dichiarato),44.3968108,11.4806536
518255,PIEMONTE,Fr. Cameriano  28060 Casalino ( NO ),Edilpiemonte srl; assegnato,45.396727,8.5359725
518470,TRENTINO ALTO ADIGE,39029 Stelvio ( BZ ),Rainerbau; assegnato,46.5950134,10.5445348
518691,PIEMONTE,Via Vittorio Veneto 8  10040 Leini ( TO ),Stepa srl immobiliare,45.1891025,7.7210775
518695,PIEMONTE,Via Salassa  10086 Rivarolo Canavese ( TO ),Costantino Costruzioni Edili srl,45.3245667,7.7165604
518716,emilia romagna,Via Udine  41125 Modena ( MO ),Aspen srl,44.6307743,10.925118
518880,emilia romagna,Via Saffi 110/A  47042 Cesenatico ( FC ),Ambroedil di Ambrosio Antonio; B Impianti Elettrici srls; Consorzio CAIEC soc coop arl; assegnato,44.1926642,12.4013133
518963,emilia romagna,Via Nazionale 86  40038 Vergato ( BO ),IOLA Costruzioni srl,44.29088600000001,11.1155982
519031,Veneto senza verona e vicenza,Via degli Zabarella  35121 Padova ( PD ),Carron SpA,45.4074091,11.879131
519032,Veneto senza verona e vicenza,Via Oroboni 6  45100 Rovigo ( RO ),ITEC srl Costruzioni Generali,45.0664666,11.7984486
519033,Veneto senza verona e vicenza,Via Oroboni  45100 Rovigo ( RO ),Consorzio Innova Società Cooperativa,45.0736667,11.7989752
519052,emilia romagna,Via Alessandro Manzoni  40012 Calderara di Reno ( BO ),Industrie Edili SpA,44.4769329,11.2694066
519055,emilia romagna,Via Bologna  44122 Ferrara ( FE ),Impresa Costruzioni Ing. Enrico Pasqualucci srl; assegnato; integrato; integrato aggiudicato all'impresa,44.8256074,11.6094223
519076,PIEMONTE,Via Madonna del Colletto   12100 Cuneo ( CN ),COIFA srl; Capogruppo ATI,44.3775002,7.528054
519130,Veneto senza verona e vicenza,Via Borgo Nuovo  31017 Pieve del Grappa ( TV ),Immobiliare Edile Marcon; assegnato,45.8190857,11.8368126
519165,Veneto senza verona e vicenza,Via Giovan Battista Rossi  30033 Noale ( VE ),Pesce Costruzioni srl; assegnato,45.5513429,12.0652657
519182,emilia romagna,Loc. Ponte Palagio  40030 Grizzana Morandi ( BO ),Balestri Srl; Bernardi Sergio Srl; Capogruppo ATI; Tovoli Primo Srl,44.22773919999999,11.0577405
519418,emilia romagna,via ettore e ugo gennari  43124 Parma ( PR ),Costruzioni Ferrari Sgavetti srl,44.7404482,10.3305103
519548,PIEMONTE,Via dei Gorghi  13871 Verrone ( BI ),Merlin Costruzioni srl,45.5048474,8.1166867
519945,PIEMONTE,28822 Cannobio ( VB ),ICEET srl; assegnato,46.06188849999999,8.6977321
519949,PIEMONTE,Via Primo Maggio   13017 Quarona ( VC ),PM Barbaglia srl; assegnato,45.7616709,8.2685657
519986,PIEMONTE,14051 Bubbio ( AT ),Roveta Costruzioni; assegnato,44.6642101,8.2938185
520080,PIEMONTE,via Sandro Pertini  10023 Chieri ( TO ),Essemme srl,45.0006451,7.8072453
520085,emilia romagna,via Cassio Parmense  43123 Parma ( PR ),Impresa ing.Marchesini srl,44.79237,10.3507052
520141,emilia romagna,Loc. Balze  47028 Verghereto ( FC ),Edil Balze Srl; Lucos srl,43.777489,12.0911565
520185,emilia romagna,via Bonifica 7  42042 Fabbrico ( RE ),(nominativo al momento non dichiarato),44.8940539,10.8333947
520631,TRENTINO ALTO ADIGE,Via Pradel  38010 Andalo ( TN ),Casedil srl,46.1656927,10.9973971
520729,TRENTINO ALTO ADIGE,Q.re al Mühlrain  39021 Laces ( BZ ),Bauunternehmen Latsch GmbH,46.6189328,10.8581633
520908,emilia romagna,via Buonamici - via Gravina  47924 Rimini ( RN ),Mar Bell srl,44.048514,12.5939322
521168,PIEMONTE,Via Orbassano   10040 Rivalta di Torino ( TO ),DAM sas di Scabin Luigino & C; assegnato,45.0138169,7.5127669
521169,PIEMONTE,Via Santa Brigida  12030 Manta ( CN ),Ciga Costruzioni srl,44.6176016,7.4833618
521188,TRENTINO ALTO ADIGE,Loc. Romagnano  38123 Trento ( TN ),Carlini Costruzioni; assegnato,46.0173839,11.1057844
521195,Veneto senza verona e vicenza,Via Bianchi  31021 Mogliano Veneto ( TV ),Finmac srl,45.5762861,12.2451871
521207,PIEMONTE,Via Bongioanni 20  12100 Cuneo ( CN ),Capogruppo ATI; Gruppo ECF SpA,44.3808057,7.535428599999999
521210,PIEMONTE,12100 Cuneo ( CN ),Capogruppo ATI; Gruppo ECF SpA,44.3844766,7.5426711
521221,TRENTINO ALTO ADIGE,Via Vittime delle Foibe  38122 Trento ( TN ),Enrico Rigotti Costruzioni,46.0858331,11.1141948
521477,emilia romagna,Via Marconi 11   47924 Rimini ( RN ),Modulo Costruzioni,44.0337265,12.6159917
521511,emilia romagna,V.le Siracusa  47924 Rimini ( RN ),Oasi srl,44.0420413,12.6038936
521728,PIEMONTE,Loc. Colloro  28803 Premosello-Chiovenda ( VB ),Sama srl; assegnato,46.01063389999999,8.3257049
521801,Veneto senza verona e vicenza,Via Cacciatori delle Alpi 16  31015 Conegliano ( TV ),Terna Costruzioni srl,45.87343360000001,12.2836901
521895,Veneto senza verona e vicenza,loc. Pian da Lago   32043 Cortina d'Ampezzo ( BL ),(nominativo al momento non dichiarato),46.509276,12.152715
521922,Veneto senza verona e vicenza,V.lo G. Visentin  35020 Albignasego ( PD ),Valverde Imm.re srl,45.3139501,11.9481531
521926,Veneto senza verona e vicenza,Via Dante  35030 Selvazzano Dentro ( PD ),Cedri Immobiliare srl,45.4199515,11.8062447
522112,TRENTINO ALTO ADIGE,Via del Travai  38122 Trento ( TN ),Dalbon Costruzioni srl,46.0647289,11.1214714
522148,emilia romagna,Via Larga  44042 Cento ( FE ),LUVA srl,44.7763483,11.276065
522205,emilia romagna,Via Ariosto snc  40026 Imola ( BO ),SOGEI srl,44.3496035,11.713451
522260,PIEMONTE,Via XXV Aprile  10091 Alpignano ( TO ),Beton Scavi srl,45.0886321,7.5277946
522326,emilia romagna,Via della Repubblica  47034 Forlimpopoli ( FC ),Gazzoni srl,44.1910269,12.1290072
522495,emilia romagna,Str. Varana snc   43017 San Secondo Parmense ( PR ),Unicrea srls; assegnato,44.9127343,10.2085834
522631,TRENTINO ALTO ADIGE,Via Einaudi 22  38123 Trento ( TN ),Kostruire srl,46.05239479999999,11.1269947
522660,Veneto senza verona e vicenza,Via Marconi  32043 Cortina d'Ampezzo ( BL ),Renco SpA,46.5390093,12.1378388
522684,emilia romagna,Via Pietro Mennea 1/3  40016 San Giorgio di Piano ( BO ),Schibuola Costruzioni srl,44.6450687,11.3681995
522784,emilia romagna,Via S.Matteo 55  42020 San Polo d'Enza ( RE ),Edil F.lli Leto snc,44.62577960000001,10.4262981
522788,emilia romagna,Via Boiardi - Via V. Emanuele II  42048 Rubiera ( RE ),Samoter del geom.Munno Antonio; aggiudicato all'impresa segnalata che ha; assegnato,44.6543414,10.7837623
522799,emilia romagna,via Silla   40026 Imola ( BO ),(nominativo al momento non dichiarato),44.343941,11.6965365
522887,Veneto senza verona e vicenza,Via Teatro Vecchio 17  31015 Conegliano ( TV ),Bodio H srl,45.888254,12.2985116
522919,emilia romagna,Via Pisacane  40026 Imola ( BO ),Decostile; In Casa RE srl; SX srl; TBR Costruzioni Generali,44.3477959,11.7257528
522928,emilia romagna,Via Aldo Fochi  43013 Langhirano ( PR ),Chiastra & Pattera Costruzioni srl,44.6162856,10.2627827
522946,TRENTINO ALTO ADIGE,Loc. Val di Sella  38051 Borgo Valsugana ( TN ),(nominativo al momento non dichiarato),46.0531899,11.4559477
522968,PIEMONTE,L.go San Martino   28100 Novara ( NO ),EDIL COIM srl,45.4468711,8.6108667
522990,PIEMONTE,Via Cavour  28010 Nebbiuno ( NO ),(nominativo al momento non dichiarato),45.8099188,8.5272385
523110,emilia romagna,via Del Sole  47030 San Mauro Pascoli ( FC ),Le Case di Foschi,44.1117077,12.4168729
523137,PIEMONTE,Via Torre Lavina  10080 Salassa ( TO ),JCS Costruzioni srl,45.3530307,7.6949493
523328,emilia romagna,40030 Grizzana Morandi ( BO ),Consorzio COCER; Mami Costruzioni srl,44.2575696,11.1525462
523358,Veneto senza verona e vicenza,Via Moretto da Brescia   35134 Padova ( PD ),Unyon Consorzio Stabile scarl,45.4334827,11.8890065
523359,Veneto senza verona e vicenza,Via Duprè 24  35134 Padova ( PD ),FM Costruzioni srl,45.4363083,11.8890936
523390,TRENTINO ALTO ADIGE,Fraz. Mollaro  38012 Predaia ( TN ),Dinamos s.coop.rl; assegnato,46.2953185,11.0684993
523399,PIEMONTE,Via Bistolfi  10040 La Loggia ( TO ),Impredil di Giuliano Giuseppe & C sas; assegnato,44.9567796,7.6673596
523408,PIEMONTE,Via Martiri della Libertà 42  10060 Osasco ( TO ),(nominativo al momento non dichiarato),44.8488868,7.343359700000001
523433,Veneto senza verona e vicenza,"Via Luigi Savoia, 5-7  45014 Porto Viro ( RO )",Panizzo srl,45.0371063,12.2132814
523459,emilia romagna,43044 Collecchio ( PR ),Stirparo Costruzioni srl,44.7519082,10.2165936
523497,TRENTINO ALTO ADIGE,Via del Paese 47/A  39029 Stelvio ( BZ ),(nominativo al momento non dichiarato),46.5950134,10.5445348
523550,Veneto senza verona e vicenza,Via Da Vinci  35014 Fontaniva ( PD ),Tiemme Costruzioni Edili SpA,45.6302226,11.759514
523552,Veneto senza verona e vicenza,via San Polo  35020 Sant'Angelo di Piove di Sacco ( PD ),(nominativo al momento non dichiarato),45.3392282,11.996329
523594,PIEMONTE,P.za G. Perotti 42  12061 Carrù ( CN ),Fabrizio Taricco Costruzioni srl; assegnato,44.4795933,7.876095299999999
523597,PIEMONTE,Via A. Cagna  12069 Santa Vittoria d'Alba ( CN ),Edilmont sas,44.6960346,7.9274258
523747,emilia romagna,Via Risorgimento 25  47841 Cattolica ( RN ),Sartori Costruzioni srl,43.966014,12.7426751
523874,Veneto senza verona e vicenza,P.za Martiri della Libertà 6  35020 Tribano ( PD ),Battistella Costruzioni srl,45.2111481,11.8335549
523909,Veneto senza verona e vicenza,Via Roma 25  35010 Vigodarzere ( PD ),Sicom Srl,45.45227089999999,11.889748
523990,emilia romagna,Q.re. Navile  40126 Bologna ( BO ),Manelli Impresa Spa; assegnato,44.5019424,11.3493327
524048,PIEMONTE,C.so Francia 343-345-347  10093 Collegno ( TO ),Fiammengo Federico srl; integrato,45.07179379999999,7.5568594
524175,emilia romagna,Via Campi 213  41125 Modena ( MO ),CGA Costruzioni Generali Appennino srl; Capogruppo ATI,44.6320838,10.9435508
524176,emilia romagna,41100 Modena ( MO ),CGA Costruzioni Generali Appennino srl; Capogruppo ATI + CMB Coop Muratori e Braccianti di Carpi srl; assegnato + Cams Servizi Edili srl; assegnato; integrato; integrato aggiudicato,44.6419048,10.9146862
524199,TRENTINO ALTO ADIGE,Via del Garda  38065 Mori ( TN ),Concaverde Costruzioni sas + Otto srl,45.8515949,10.9703634
524246,emilia romagna,Via Malaspina 38  43123 Parma ( PR ),Impresa ing.Marchesini srl,44.7926845,10.3533414
524292,PIEMONTE,Via Badini 20  28064 Carpignano Sesia ( NO ),Cogeas srl,45.5337896,8.4197127
524337,PIEMONTE,Via Oberdan 10  10093 Collegno ( TO ),VGS Costruzioni; integrato,45.0735644,7.575206400000001
524431,emilia romagna,Via Fornaci 12  40030 Castel di Casio ( BO ),Balestri Srl,44.157584,10.9793094
524448,Veneto senza verona e vicenza,Via della Pieve  35010 Massanzago ( PD ),Gifer srl,45.536774,12.0138426
524455,PIEMONTE,Via Einaudi  12013 Chiusa di Pesio ( CN ),Edil Pro Group,44.3310663,7.6693764
524547,PIEMONTE,Via Prandi Vincenzo  12051 Alba ( CN ),Murri Costruzioni srls; assegnato,44.6815079,8.0369869
524676,PIEMONTE,St. Pozzo 1  15020 Murisengo ( AL ),(nominativo al momento non dichiarato),32.3182314,-86.902298
524717,Veneto senza verona e vicenza,Via Mons. Vincenzo Milani  31036 Istrana ( TV ),Marchesin snc,45.6761345,12.1105713
524785,emilia romagna,Via Ricostruzione  29014 Castell'Arquato ( PC ),Quattoli Giacomo Costruzioni Edili srl,44.8530971,9.8720214
524790,PIEMONTE,Via del Padre  10040 Leini ( TO ),Guarnieri Costruzioni Edili sas,45.1913195,7.7130313
524849,PIEMONTE,Fr. San Sicario  10054 Cesana Torinese ( TO ),Che Sole srl,44.9571787,6.8073592
524889,TRENTINO ALTO ADIGE,Via Karmatsch 45  39029 Stelvio ( BZ ),Rainer Bau GmbH,46.599385,10.5473077
524953,Veneto senza verona e vicenza,Via Cima da Conegliano  31016 Cordignano ( TV ),Impresa Edile Artigiana Fratelli Carlet,45.9443805,12.4231724
525023,emilia romagna,P.za Kennedy 6  40032 Camugnano ( BO ),Capogruppo ATI; Consorzio Stabile RCR; assegnato,44.16886,11.08715
525049,Veneto senza verona e vicenza,31020 San Fior ( TV ),(nominativo al momento non dichiarato); assegnato,45.9203997,12.3572854
525069,TRENTINO ALTO ADIGE,Via A. Raffaelli 3  38060 Volano ( TN ),Edilia srl,45.9196584,11.0633261
525075,TRENTINO ALTO ADIGE,V.le Verona  38123 Trento ( TN ),Edil Nicoletti Costruzioni srl,46.046459,11.1295863
525077,PIEMONTE,Via Antona  28100 Novara ( NO ),Nuova Edil Pernate srl,45.4249149,8.6446938
525186,emilia romagna,Via Zini  41123 Modena ( MO ),Classe Immobiliare srl,44.6627115,10.8878308
525279,Veneto senza verona e vicenza,Via E. A. Mario ang. Via San Giorgio  35020 Albignasego ( PD ),BME immobiliare srl; assegnato,45.3349186,11.8708246
525281,Veneto senza verona e vicenza,Via Turchia  35030 Selvazzano Dentro ( PD ),Coeb Costruzioni srl,45.3852811,11.7905623
525286,Veneto senza verona e vicenza,B.go Vicenza  35013 Cittadella ( PD ),Martini Costruzioni Edili; assegnato,45.64817,11.77888
525291,Veneto senza verona e vicenza,"Via Cardinale Borromeo, 82  35030 Rubano ( PD )",Vega srl,45.4293679,11.8093934
525299,Veneto senza verona e vicenza,Via Lucca  31048 San Biagio di Callalta ( TV ),(nominativo al momento non dichiarato),45.6861884,12.3840153
525343,Veneto senza verona e vicenza,Via Draganziolo  35017 Piombino Dese ( PD ),Impresa Edile Tosatto Mauro,45.6041541,11.9924716
525345,Veneto senza verona e vicenza,Via San Leopoldo Mandic  35012 Camposampiero ( PD ),Immobiliare Rialto srl,45.2444178,11.7429146
525391,emilia romagna,Via Piave 1/2-1/3-1/4  40055 Castenaso ( BO ),Residenza Piave srl,44.4985104,11.4246234
525473,PIEMONTE,Via Michelangelo Buonarroti 75  28066 Galliate ( NO ),Airoldi Costruzioni srl,45.4759604,8.6834438
525474,PIEMONTE,Via Luigi Einaudi  12011 Borgo San Dalmazzo ( CN ),Lovera & Aime sas,44.3335692,7.4946596
525748,PIEMONTE,Via Oglianico  10080 Salassa ( TO ),Iso Costruzioni sas,45.3548748,7.6921236
525781,PIEMONTE,B.ta Giacone  10094 Giaveno ( TO ),Domusfausta srl; assegnato,45.0565144,7.3515043
525893,Veneto senza verona e vicenza,Via Monte Civetta  31015 Conegliano ( TV ),Immobiliare Regina srl,45.9010052,12.2856577
525894,Veneto senza verona e vicenza,31026 Sarmede ( TV ),Terna Costruzioni srl,45.9787559,12.3858832
525899,Veneto senza verona e vicenza,30035 Mirano ( VE ),FM Costruzioni srl; aggiudicato; assegnato,45.4911263,12.116217
525938,PIEMONTE,28040 Mezzomerico ( NO ),Gabrini e Lepore sas,45.6208604,8.6037585
525939,Veneto senza verona e vicenza,Via Cardinal Callegari 5  35137 Padova ( PD ),Padoan Costruzioni Generali srl,45.43154690000001,11.8912844
525980,PIEMONTE,Via Carducci Giosuè  10030 Rondissone ( TO ),Effepi Costruzioni srl,45.2475175,7.9610149
525989,PIEMONTE,Via San Mauro  10036 Settimo Torinese ( TO ),One Way srl; assegnato,45.1288503,7.7649031
526078,emilia romagna,43011 Busseto ( PR ),Immobiliare Cremonini srl + Scaramuzza Fabrizio srl,44.9809361,10.0425292
526121,emilia romagna,Via Nazionale Adriatica 185  47843 Misano Adriatico ( RN ),Planeta srl; assegnato; integrato aggiudicato all'impresa segnalata,43.9743766,12.6942963
526149,PIEMONTE,Via F.lli Cairoli  13894 Gaglianico ( BI ),SolHouse snc,45.5353859,8.0876529
526171,emilia romagna,Via Ariosto  42020 Albinea ( RE ),Andria s.coop.rl,44.6044038,10.6373517
526283,emilia romagna,Via Marmirolo 24  42019 Scandiano ( RE ),ICOED srl Unipersonale; aggiudicato all'impresa segnalata che ha; assegnato,44.6326251,10.719274
526335,PIEMONTE,Stradale Torre Pellice 6  10060 Bricherasio ( TO ),Nota Claudio,44.81866000000001,7.30028
526342,PIEMONTE,Via Tetti Gariglio  10025 Pino Torinese ( TO ),Mecchia Mauro,45.0349654,7.8062618
526447,Veneto senza verona e vicenza,Via XXV Aprile 12  31053 Pieve di Soligo ( TV ),DR3 Costruzioni srl,45.8972451,12.1723954
526451,emilia romagna,Via F.lli Cervi - Via Mattei  40064 Ozzano dell'Emilia ( BO ),Bononia Holding srl,44.4409563,11.4674101
526503,Veneto senza verona e vicenza,Via I Maggio 15  32014 Ponte nelle Alpi ( BL ),Edilprealpi srl; assegnato,46.1784823,12.281727
526510,PIEMONTE,C.so Salvemini 25  10137 Torino ( TO ),Capogruppo ATI; G Quadro Impianti srl,45.04432,7.625677
526511,PIEMONTE,Via don Angelo Molineris  12010 Gaiola ( CN ),(nominativo al momento non dichiarato),44.3350117,7.4100964
526520,PIEMONTE,St. San Pietro   14049 Nizza Monferrato ( AT ),Lo Presti Costruzioni + Lo Presti Costruzioni; assegnato,44.7818031,8.3672155
526525,PIEMONTE,Via XX Settembre   28041 Arona ( NO ),Bertelli Costruzioni SpA; assegnato,45.7550557,8.5554533
526557,Veneto senza verona e vicenza,45030 Pontecchio Polesine ( RO ),Giotto srl,45.0198806,11.8121189
526592,emilia romagna,Via Alpini d'Italia  40036 Monzuno ( BO ),Ingegneria & Costruzioni srl; assegnato,44.2785198,11.2734551
526625,PIEMONTE,Via Sant'Antonio  28845 Domodossola ( VB ),Palissandro Marmi srl,46.1224009,8.2900389
526635,PIEMONTE,Via Sempione  28040 Varallo Pombia ( NO ),RGM di Raso Rosario & C sas,45.6654164,8.6259821
526737,Veneto senza verona e vicenza,Via Caduti di Nassyria snc  35035 Mestrino ( PD ),Costruzioni Zanta Silvano Srl,45.4367638,11.764255
526743,emilia romagna,40016 San Giorgio di Piano ( BO ),ACT srl; assegnato + Edilcos Costruzioni srl; assegnato + Happy Village srl + Happy Village srl; assegnato + MG Costruzioni srl; assegnato + Parthenia Costruzioni srl + Progettoidea srl + Schibuola Costruzioni srl; assegnato,44.646117,11.3775478
526749,TRENTINO ALTO ADIGE,Via Marconi  39055 Laives ( BZ ),Dalle Nogare Costruzioni srl,46.4242813,11.3314851
526753,TRENTINO ALTO ADIGE,Via della Palade 55  39012 Merano ( BZ ),Dalle Nogare Costruzioni srl,46.659748,11.1558954
526775,Veneto senza verona e vicenza,Via Comugne  30020 Pramaggiore ( VE ),Galli srl,45.8003307,12.7468054
526829,PIEMONTE,Via Provinciale 9  15060 Voltaggio ( AL ),CSG Costruzioni srl,44.6149957,8.844678499999999
526893,emilia romagna,Via Forlì  40018 San Pietro in Casale ( BO ),SEI Sistemi Edili Integrati srl,44.6993844,11.408515
526988,PIEMONTE,Via Strera  28047 Oleggio ( NO ),Raso Michele; assegnato,45.5969335,8.6546948
526998,TRENTINO ALTO ADIGE,Via Generale Giacomo Medici 40  38123 Trento ( TN ),Costruzioni Angelini srl,46.0521308,11.1231042
527082,emilia romagna,Via Frattini  41053 Maranello ( MO ),Progetto Edile srl,44.5323597,10.8966423
527249,emilia romagna,Via Orione  47923 Rimini ( RN ),Genius srl,44.0539434,12.5631793
527292,PIEMONTE,Via Marconi 5  12040 Montanera ( CN ),Casanuova srl; assegnato,44.4613015,7.665266299999999
527343,emilia romagna,via Mingaiola  48121 Ravenna ( RA ),(nominativo al momento non dichiarato),44.4189109,12.1921811
527465,TRENTINO ALTO ADIGE,Via San Nicolò  38037 Predazzo ( TN ),Impresa Costruzioni Tollot srl,46.3094057,11.6003675
527466,TRENTINO ALTO ADIGE,38037 Predazzo ( TN ),CLB Cooperativa Lavoro Brione; Clera Group; Consorzio Lavoro Ambiente; Gamma Scavi e Costruzioni,46.312407,11.6025089
527501,TRENTINO ALTO ADIGE,Loc. Vezzano  38096 Vallelaghi ( TN ),Armalam srl,46.0785855,10.9999702
527584,emilia romagna,via Peretti  41125 Modena ( MO ),(nominativo al momento non dichiarato),44.6376746,10.9237115
527587,emilia romagna,V.le Buon Pastore  41125 Modena ( MO ),(nominativo al momento non dichiarato),44.6363744,10.9213119
527636,emilia romagna,Via della Fontana  44022 Comacchio ( FE ),Classe A srl,44.7197327,12.2147572
527815,Veneto senza verona e vicenza,Via Milano  35020 Albignasego ( PD ),Immobiliare Barison Srl,45.3458096,11.8721954
527825,Veneto senza verona e vicenza,Via Orlandini 10  35131 Padova ( PD ),Ruffato Mario srl,45.4166199,11.8966671
527851,Veneto senza verona e vicenza,V.lo Fanio Soligo  31040 Volpago del Montello ( TV ),Martini Costruzioni Generali srl,45.7812966,12.1238488
527859,Veneto senza verona e vicenza,Via Falcone  35010 Carmignano di Brenta ( PD ),Immobiliare Modena Michela,45.6242263,11.7068163
527864,Veneto senza verona e vicenza,Via Molini  35030 Saccolongo ( PD ),Fm srls,45.4119081,11.7408086
527887,TRENTINO ALTO ADIGE,Loc. Besenello  38060 Besenello ( TN ),(nominativo al momento non dichiarato),45.94168639999999,11.1101855
528103,emilia romagna,via Don Orsi  43013 Langhirano ( PR ),Chiastra & Pattera Costruzioni srl,44.613644,10.2612933
528168,Veneto senza verona e vicenza,45021 Badia Polesine ( RO ),(nominativo al momento non dichiarato),45.092988,11.4930528
528205,emilia romagna,Via Melchiorre Gioia 1/b  29015 Castel San Giovanni ( PC ),Enenso srl,45.0598684,9.4333893
528228,emilia romagna,via Cartesio  48121 Ravenna ( RA ),Snoopy Casa s.coop.rl; assegnato,44.3995195,12.2051989
528306,PIEMONTE,C.so Machiavelli  10078 Venaria Reale ( TO ),AREA Costruzioni SpA,45.1198704,7.626746
528313,emilia romagna,Loc. Savigno  40053 Valsamoggia ( BO ),Sogei srl,44.3934295,11.0756697
528372,Veneto senza verona e vicenza,via Pescarotto  35131 Padova ( PD ),CEV SpA,45.4148438,11.8971935
528385,emilia romagna,Via Reggiani  42123 Reggio nell'Emilia ( RE ),(nominativo al momento non dichiarato),44.6661128,10.6319358
528489,TRENTINO ALTO ADIGE,Loc. Carano  38099 Ville di Fiemme ( TN ),(nominativo al momento non dichiarato),46.2966138,11.4599128
528499,TRENTINO ALTO ADIGE,Via Roma 29  38073 Cavedine ( TN ),Rialty srls,45.9952347,10.9751259
528520,Veneto senza verona e vicenza,Via San Giovanni di Verdara  35020 Padova ( PD ),Rosso srl; integrato,45.4153583,11.8707347
528555,PIEMONTE,Via Gramsci 3 ang. Via C. Colombo  13900 Biella ( BI ),Essegi srl,45.5642559,8.0559524
528603,PIEMONTE,Via Valduggia   28100 Novara ( NO ),Talpo Massimo Costruzioni,45.453086,8.6080424
528645,Veneto senza verona e vicenza,Via S.Salvatore  31058 Susegana ( TV ),Merotto Bau; aggiudicato; assegnato,45.8505323,12.2406088
528688,TRENTINO ALTO ADIGE,Via Fabio Filzi 1  38062 Arco ( TN ),Teoca Costruzioni srl,45.9171548,10.8815056
528704,emilia romagna,via Emilia Ponente 56  40100 Bologna ( BO ),Tecnocem srl,44.5049614,11.3096751
528818,TRENTINO ALTO ADIGE,Via Cerere  38062 Arco ( TN ),Angelini Remo & C srl,45.9130856,10.8702086
528922,Veneto senza verona e vicenza,P.zza Calvi  31015 Conegliano ( TV ),Luma srl,45.8848608,12.2963579
528938,TRENTINO ALTO ADIGE,Loc. Pozza di Fassa  38036 San Giovanni di Fassa ( TN ),Volcan Severino e Figli srl,46.4301799,11.685807
529002,Veneto senza verona e vicenza,"Via Pietro Caronelli, 28  31015 Conegliano ( TV )",Lavoro srl,45.886057,12.2927579
529050,Veneto senza verona e vicenza,Via Coriolo  31023 Resana ( TV ),(nominativo al momento non dichiarato),45.6289798,11.9669341
529055,Veneto senza verona e vicenza,Via Torino  35020 Albignasego ( PD ),CPR srl + LG Costruzioni srl,45.3497754,11.8819131
529059,Veneto senza verona e vicenza,Via Sandro Pertini 9  35030 Rubano ( PD ),Costruzioni Gamma 4 srl; assegnato,45.4285647,11.8112734
529064,Veneto senza verona e vicenza,Via Guizze di Rustega  35012 Camposampiero ( PD ),Negrin srl; assegnato,45.5725115,11.9661301
529065,Veneto senza verona e vicenza,Via Torino snc  35035 Mestrino ( PD ),(nominativo al momento non dichiarato),45.4364963,11.7746476
529152,emilia romagna,via Circonvallazione 6  47838 Riccione ( RN ),Massari Group srl,43.9968934,12.6479424
529158,emilia romagna,47833 Morciano di Romagna ( RN ),Massari Group srl,43.9138102,12.6453613
529262,Veneto senza verona e vicenza,Via Turazza  35128 Padova ( PD ),Ballan Costruzioni srl,45.4078548,11.90821
529270,PIEMONTE,Via Tesoriere   12011 Borgo San Dalmazzo ( CN ),Caselli Massimo Impresa Edile,44.3360964,7.4886522
529489,emilia romagna,43058 Sorbolo Mezzani ( PR ),Frignani Costruzioni srl,44.8682262,10.4388475
529540,PIEMONTE,"Via Cesare Battisti, 6  10028 Trofarello ( TO )",Immobiliare Horizon srl,44.9837468,7.7414834
529556,PIEMONTE,Via Archimede  28921 Verbania ( VB ),Costanzo srl,45.9465911,8.5671851
529564,Veneto senza verona e vicenza,via Lancenigo  31100 Treviso ( TV ),Frattin Costruzioni srl,45.6971092,12.2608561
529613,Veneto senza verona e vicenza,v.le Monfenera  31100 Treviso ( TV ),Cecchin srl,45.6707217,12.2346754
529636,TRENTINO ALTO ADIGE,V.le Trento 21  38010 Andalo ( TN ),Edilferretti srl,46.16969599999999,11.0065143
529681,emilia romagna,Via Maria Montessori  42049 Sant'Ilario d'Enza ( RE ),FraLuRo Costruzioni Generali Srl,44.7491447,10.4452669
529728,Veneto senza verona e vicenza,Sant'Antonino  31100 Treviso ( TV ),Cecchin srl,45.6669338,12.2430608
529730,PIEMONTE,Via G.Galilei  28062 Cameri ( NO ),Airoldi Costruzioni srl,45.4995801,8.6716221
529755,emilia romagna,Via Vittorio Emanuele II  42020 Albinea ( RE ),Edilbelli srl,44.621649,10.6039331
529783,TRENTINO ALTO ADIGE,loc Vallonga  38036 San Giovanni di Fassa ( TN ),(nominativo al momento non dichiarato),46.412484,11.6598998
529836,PIEMONTE,12020 Elva ( CN ),Fantino Costruzioni SpA,44.5404079,7.090834699999999
529918,PIEMONTE,Via Bellardi 29 e C.so Brunelleschi 12-14  10146 Torino ( TO ),La Favorita srl; assegnato,45.0740219,7.6232431
530016,Veneto senza verona e vicenza,Pineta di Jesolo  30016 Jesolo ( VE ),assegnato,45.5254096,12.7155637
530034,Veneto senza verona e vicenza,B.go San Gottardo 44  30026 Portogruaro ( VE ),Capogruppo ATI; Castellanimpianti srl,45.7795907,12.8389052
530050,PIEMONTE,via Gentileschi  10044 Pianezza ( TO ),Quintino Costruzioni SpA,45.1128921,7.5506549
530136,emilia romagna,Via Giulio Mattioli  42020 Albinea ( RE ),F&F Costruzioni Generali,44.6047809,10.6362867
530206,emilia romagna,Via Pertini  41042 Fiorano Modenese ( MO ),Arcadia Immobiliare srl,44.5309723,10.8412998
530220,emilia romagna,Via Matteotti 12  40013 Castel Maggiore ( BO ),Cires Società Cooperativa,44.5748347,11.3656729
530260,emilia romagna,Via Matteotti 38/40  29020 Gossolengo ( PC ),Man Buildings Srl,45.0010091,9.615706699999999
530318,emilia romagna,43038 Sala Baganza ( PR ),Edil P3 srl,44.7157867,10.2317329
530545,PIEMONTE,Fr. Panice Soprana 114  12015 Limone Piemonte ( CN ),Benedetto F. Costruzioni srl,44.1660988,7.5688769
530550,emilia romagna,Via Caduti di Nassrya  43126 Parma ( PR ),Bucci SpA,44.7821984,10.2999403
530636,PIEMONTE,Torrion Quartara 1  28100 Novara ( NO ),Nuova Edil Pernate srl,45.4182454,8.6146332
530862,emilia romagna,Loc. Borgatella  40068 San Lazzaro di Savena ( BO ),Arcobaleno 2 SpA; assegnato,44.4816059,11.4396866
530915,PIEMONTE,via Verdi   28075 Grignasco ( NO ),La Torre srl,45.6768814,8.3521766
531141,TRENTINO ALTO ADIGE,38010 Andalo ( TN ),(nominativo al momento non dichiarato),46.16404379999999,11.0025033
531244,PIEMONTE,Via del Padre   10040 Leini ( TO ),MC Costruzioni srl,45.1913195,7.7130313
531347,emilia romagna,Via De Andrè  29010 Pontenure ( PC ),Camia Costruzioni srl,44.994085,9.7827163
531415,TRENTINO ALTO ADIGE,loc. Villazzano - salita dei Molini  38123 Trento ( TN ),SEOB srl,46.0479867,11.1463503
531426,PIEMONTE,via Dante 2  15060 Vignole Borbera ( AL ),Cogedil srl; assegnato,44.7166878,8.914503
531517,PIEMONTE,Via Filzi  13049 Tronzano Vercellese ( VC ),Marchioro Maurizio Costruzioni Edili,45.3403181,8.1681588
531599,Veneto senza verona e vicenza,31033 Castelfranco Veneto  (TV),Costruzioni Manutenzioni Cecchin srl,45.6717817,11.9283021
531603,Veneto senza verona e vicenza,31020 Villorba ( TV ),Secis srl,45.739363,12.2328266
531654,emilia romagna,Via Elsa Morante  41053 Maranello ( MO ),Immobiliare Le Querce srl,44.5220991,10.8743849
531655,emilia romagna,Via Alighieri  29011 Borgonovo Val Tidone ( PC ),Innovaty Immobiliare srl; assegnato + Project House srl; assegnato,45.0192906,9.4510964
531694,emilia romagna,Q.re Navile  40128 Bologna ( BO ),assegnato,44.5288785,11.3601525
531715,PIEMONTE,10095 Grugliasco ( TO ),Fantino Costruzioni SpA; Notarimpresa SpA; assegnato; integrato; integrato per la progettazione esecutiva e realizzazione,45.0660938,7.578886400000001
531736,PIEMONTE,Via Vanchiglia 4-6   10124 Torino ( TO ),Consorzio Nazionale Coop.Produzione Lavoro Ciro; assegnato; integrato; integrato per progettazione esecutiva e,45.0662191,7.6965377
531770,emilia romagna,48018 Faenza ( RA ),Gruppo Ritmo srl,44.2923321,11.8667765
531826,PIEMONTE,Via Torino 46-48  10055 Condove ( TO ),Costruzioni Sara srl,45.1126278,7.3133723
531877,PIEMONTE,C.so Francia   10093 Collegno ( TO ),FIBE srl,45.0732361,7.5874066
531881,PIEMONTE,Via Ascanio Sobrero  12038 Savigliano ( CN ),Gorizia 10 srl; assegnato,44.6542879,7.6486861
531960,emilia romagna,Via Romeo Magnaschi   29013 Carpaneto Piacentino ( PC ),Rossi e Signaroldi Costruzioni srl,44.9101411,9.7816859
531974,PIEMONTE,28100 Novara ( NO ),Notarimpresa SpA; integrato,45.4467749,8.6168696
532000,Veneto senza verona e vicenza,Via Spiga 2  32043 Cortina d'Ampezzo ( BL ),Cappellari Costruzioni srl,46.5347433,12.145669
532073,emilia romagna,Via Orsoni  40054 Budrio ( BO ),Molinella Costruzioni srl,44.5325565,11.5369551
532074,emilia romagna,Via Berlinguer  40054 Budrio ( BO ),Impresa Zanardi srl,44.5327379,11.5393924
532124,emilia romagna,Via Savio snc  47814 Bellaria-Igea Marina ( RN ),Pompili Daniele,44.1590669,12.4448064
532132,emilia romagna,Via Piccoli  43038 Sala Baganza ( PR ),Immobiliare Malatesta srl + Immobiliare Malatesta srl; assegnato,44.7149287,10.23292
532198,Veneto senza verona e vicenza,via Platone snc  35036 Montegrotto Terme ( PD ),Suninvest SpA,45.3384103,11.7799054
532203,emilia romagna,Via Molinari 33  41012 Carpi ( MO ),La Concordia Costruzioni srl; assegnato,44.7858853,10.8773804
532341,PIEMONTE,Via Cuneo   12016 Peveragno ( CN ),Bertone Costruzioni srl; assegnato,44.3475697,7.5935373
532425,emilia romagna,Via Maroncelli 40  47121 Forlì ( FC ),Immobiliare Maroncelli srl; assegnato,44.22547309999999,12.0361125
532426,emilia romagna,Via della Lama snc  47922 Rimini ( RN ),assegnato,44.1023604,12.505247
532428,emilia romagna,Via Foglino snc   47922 Rimini ( RN ),Nuova Vittoria Soc. Coop.; assegnato,44.0995511,12.507748
532450,PIEMONTE,Via Torino 59   10036 Settimo Torinese ( TO ),PGA Immobiliare srl,45.1323358,7.7566871
532455,PIEMONTE,Loc.Borgo S.Giuseppe  12100 Cuneo ( CN ),Giordano Costruzioni srl; assegnato,44.3844766,7.5426711
532462,emilia romagna,Via Narsete  48123 Ravenna ( RA ),Albero Casa srl; assegnato,44.4258485,12.2027716
532474,emilia romagna,Via Ugo La Malfa  47822 Santarcangelo di Romagna ( RN ),Immobiliare Borgo Spina srl,44.0543759,12.439147
532606,emilia romagna,Via Mario Zaniboni  43011 Busseto ( PR ),Alpha Costruzioni; assegnato,44.9809361,10.0425292
532610,emilia romagna,Via Trieste 5-7  43036 Fidenza ( PR ),CAMAR Società Cooperativa; F.lli B System Srl; assegnato; integrato,44.8598624,10.0486619
532643,PIEMONTE,C.so 23 Marzo 1849  28100 Novara ( NO ),Airoldi Costruzioni srl,45.4312644,8.637707
532717,emilia romagna,47822 Santarcangelo di Romagna ( RN ),FLP Costruzioni srl + FLP Costruzioni srl; assegnato,44.0637152,12.4525304
532812,emilia romagna,41054 Marano sul Panaro ( MO ),Edilgubertini plus srl; assegnato,44.4559132,10.9660305
532902,PIEMONTE,Via Luigi Antona 3  28100 Novara ( NO ),Nuova Edil Pernate srl + Nuova Edil Pernate srl; assegnato,45.4467749,8.6168696
532904,PIEMONTE,Via Beldì 6  28100 Novara ( NO ),Notarimpresa SpA,45.4461052,8.6061177
532957,PIEMONTE,via tetto crudo  12022 Busca ( CN ),Immobiliare Caligaris sas di carlo Caligaris & C,44.478488,7.5021501
533101,Veneto senza verona e vicenza,35131 Padova ( PD ),Consorzio Stabile Pedron Costruzioni Generali; Tiemme Costruzioni Edili SpA; assegnato,45.41345039999999,11.8928197
533124,Veneto senza verona e vicenza,30023 Concordia Sagittaria ( VE ),DNA Costruzioni Edili srls,45.7564533,12.8446528
533164,Veneto senza verona e vicenza,45011 Adria ( RO ),Capogruppo ATI; Trentin & Franzoso; aggiudicato alle imprese segnalata; assegnato,45.0555487,12.0560381
533168,PIEMONTE,Via Calabria 23   10143 Torino ( TO ),assegnato,45.0904256,7.6527359
533209,PIEMONTE,Via Belgio   10043 Orbassano ( TO ),ICT srl,45.0118575,7.5444095
533214,emilia romagna,C.so Garibaldi - Via Mazzini  40064 Ozzano dell'Emilia ( BO ),Beta srl; assegnato,44.4452592,11.4715703
533226,TRENTINO ALTO ADIGE,Via Wehrburg  39010 Andriano ( BZ ),Zima Costruzioni srl,46.5213724,11.2294966
533261,emilia romagna,Via Schianchi  43022 Montechiarugolo ( PR ),Nous costruzioni srl,44.7222932,10.400458
533300,PIEMONTE,Via Novara 47  28069 Trecate ( NO ),F.lli Prevja srl,45.4316606,8.727945
533327,Veneto senza verona e vicenza,Via Immacolata di Lourdes  31015 Conegliano ( TV ),Tre srl,45.8983727,12.2924192
533373,TRENTINO ALTO ADIGE,38055 Grigno ( TN ),(nominativo al momento non dichiarato),46.01508370000001,11.6325633
533465,emilia romagna,40026 Imola ( BO ),CEI - Costruzioni Edilizie Imolesi + Minoccheri srl; assegnato + TBR Costruzioni Generali; assegnato,44.3513048,11.7129264
533486,TRENTINO ALTO ADIGE,c.da Vicolo Vattaro  38049 Altopiano della Vigolana ( TN ),Impresa Bailoni Marco & C.snc,45.9927553,11.2189663
533516,emilia romagna,Via Sabotino 11-12  40131 Bologna ( BO ),RH Builder SpA; assegnato,44.4969767,11.3259865
533556,emilia romagna,Via Toscanini  42013 Casalgrande ( RE ),Immobiliare Poggio 70 srl; assegnato,44.5516414,10.760554
533645,PIEMONTE,10023 Chieri  (TO),Lisa & Lombardo Costruzioni Generali srl; assegnato,45.013725,7.8231364
533667,PIEMONTE,Via Orbassano  10040 Rivalta di Torino ( TO ),DAM sas di Scabin Luigino & C,45.0138169,7.5127669
533675,Veneto senza verona e vicenza,Via Castello 6  35032 Arquà Petrarca ( PD ),Edilcromo Srl; aggiudicato all'impresa segnalata che ha offerto il ribasso del; assegnato,45.2697055,11.7164827
533688,emilia romagna,40036 Monzuno ( BO ),Lacky Impianti Tecnologici srl; assegnato,44.2784138,11.2706007
533744,emilia romagna,47122 Forlì ( FC ),Romeo Lippi Immobiliare srl,44.222008,12.0408666
533768,emilia romagna,V.le Lenin 14/2-14/3  40139 Bologna ( BO ),Cooperativa Edificatrice Dozza; assegnato,44.48487739999999,11.3858748
533775,TRENTINO ALTO ADIGE,via Fiemme  38030 Castello-Molina di Fiemme ( TN ),Conci Costruzioni Srl; assegnato,46.2804477,11.4363717
533807,emilia romagna,V.le Puglia 9  47838 Riccione ( RN ),(nominativo al momento non dichiarato); assegnato,43.986238,12.67285
533808,emilia romagna,via Trovatelli 14/16  47834 Montefiore Conca ( RN ),Il Casolare srl; assegnato,43.8837656,12.6154094
533809,emilia romagna,circonvallazione nord-est snc  41049 Sassuolo ( MO ),Fondamenta Srl; assegnato,44.5483811,10.7974388
533810,emilia romagna,via Verdi  47035 Gambettola ( FC ),Gruppo Ritmo srl,44.1200924,12.3332156
533811,emilia romagna,Via Emilia Ponente snc  47522 Cesena ( FC ),CRCS Cooperativa Restauri Costruzioni e Servizi; assegnato,44.1592031,12.190606
533960,PIEMONTE,Borgata Tetti Piatti 80/bis  10024 Moncalieri ( TO ),(nominativo al momento non dichiarato); assegnato,44.9779075,7.665784299999999
533963,PIEMONTE,Via Vigne Vecchie  28100 Novara ( NO ),Edil Pitture srl,45.4559836,8.6685687
533972,Veneto senza verona e vicenza,Via Palucia  32020 Livinallongo del Col di Lana ( BL ),(nominativo al momento non dichiarato),46.4816413,11.9544686
534008,TRENTINO ALTO ADIGE,loc. Lagorai  38038 Tesero ( TN ),Conci Costruzioni Srl,46.2808281,11.505513
534049,PIEMONTE,Via Cristina   28013 Gattico-Veruno ( NO ),Impresa Mete Antonio; assegnato,45.6995641,8.5099461
534138,Veneto senza verona e vicenza,Via M. Callas  35020 Albignasego ( PD ),Immobiliare San Bonaventura srl; assegnato,45.3383332,11.9018236
534139,Veneto senza verona e vicenza,Via Callas  35020 Albignasego ( PD ),Edilbaraldo srl,45.3383332,11.9018236
534156,Veneto senza verona e vicenza,Via San Biagio 8  35020 Albignasego ( PD ),(nominativo al momento non dichiarato),45.3600709,11.8697091
534158,Veneto senza verona e vicenza,Loc. Via Claudio Rossi  35028 Piove di Sacco ( PD ),Eurocostruzioni srl,45.2901419,12.0275577
534176,emilia romagna,40068 San Lazzaro di Savena ( BO ),Ciuffreda Group srl,44.4689738,11.4218161
534191,TRENTINO ALTO ADIGE,Loc. Pera di Fassa  38036 San Giovanni di Fassa ( TN ),(nominativo al momento non dichiarato),46.4409089,11.6940573
534196,Veneto senza verona e vicenza,Via D'Annunzio  35028 Piove di Sacco ( PD ),Beni Immobiliari srl,45.3035289,12.0352019
534204,Veneto senza verona e vicenza,Via Udine 8  35042 Este ( PD ),Tognetto srl; aggiudicato all'impresa segnalata che ha offerto; assegnato,45.2236627,11.6595357
534235,emilia romagna,V.le della Repubblica   42019 Scandiano ( RE ),Cooperativa Edilizia San Martino; Poldo srl,44.5961361,10.6974956
534239,Veneto senza verona e vicenza,Via Manzoni  35036 Montegrotto Terme ( PD ),Bosco Costruzioni srl,45.3263901,11.7902316
534241,Veneto senza verona e vicenza,Via Sarpi 130  35138 Padova ( PD ),Bosco Costruzioni srl,45.4179278,11.8661518
534242,Veneto senza verona e vicenza,Via Monti 7  35030 Selvazzano Dentro ( PD ),Bosco Costruzioni srl,45.4150499,11.8096818
534381,emilia romagna,Via Basse - Monticelli terme  43022 Montechiarugolo ( PR ),Sercal Costruzioni srl,44.7292565,10.3935586
534434,emilia romagna,Via Spinelli  42016 Guastalla ( RE ),La Pieve Domus; assegnato,44.9164045,10.6681098
534558,emilia romagna,Via G. Garibaldi snc  47814 Bellaria-Igea Marina ( RN ),Due Laghi srl,44.1179331,12.4921134
534561,emilia romagna,Via Beethoven  44124 Ferrara ( FE ),Consorzio Nazionale Coop.Produzione Lavoro Ciro; assegnato,44.8209704,11.5979658
534626,PIEMONTE,Via Filippo Juvarra  10090 San Raffaele Cimena ( TO ),Bagarello snc + Bagarello snc; assegnato,45.1497671,7.8455194
534629,PIEMONTE,Via Montechiaro   10010 Candia Canavese ( TO ),Santina Angiolino & C srl; assegnato,45.321543,7.8775554
534672,Veneto senza verona e vicenza,Fr. Fiera  31100 Treviso ( TV ),Tesser Costruzioni srl,45.6619779,12.2695878
534724,Veneto senza verona e vicenza,Via Montello 33  31100 Treviso ( TV ),Tesser Costruzioni srl,45.671255,12.2483292
534750,emilia romagna,Via Balbi 10  47814 Bellaria-Igea Marina ( RN ),Ab Carpentier srl,44.1535971,12.4541725
534755,emilia romagna,42046 Reggiolo ( RE ),Edilizia Anacleto di Anacleto A&C snc,44.9178069,10.802569
534775,PIEMONTE,Via Beati  28053 Castelletto sopra Ticino ( NO ),MEA srls,45.715179,8.6196675
534780,PIEMONTE,28838 Stresa ( VB ),Impresa Mete Antonio; assegnato,45.8882205,8.5257951
534851,Veneto senza verona e vicenza,via Miacche  35030 Rubano ( PD ),EB Costruzioni srl,45.4262382,11.7937858
535072,PIEMONTE,Via Vittorio Veneto  12081 Beinette ( CN ),Antonio Viglietti & Figlio srl; assegnato,44.3662878,7.6454796
535114,PIEMONTE,Via Giuseppe Verdi   10040 Rivalta di Torino ( TO ),Green Life srl; assegnato,45.0262583,7.5132641
535180,emilia romagna,via Gramsci  40121 Bologna ( BO ),(nominativo al momento non dichiarato),44.5032025,11.3421966
535310,emilia romagna,47020 Roncofreddo ( FC ),Telloli Gianluca,44.0429254,12.3179826
535311,PIEMONTE,Via Cesare Pavese  10040 Druento ( TO ),(nominativo al momento non dichiarato); assegnato,45.1335636,7.5679114
535463,emilia romagna,Via Matteotti  40018 San Pietro in Casale ( BO ),MA Costruzioni Impianti srl; assegnato; integrato; integrato aggiudicato all'impresa segnalata. Progetto esecutivo,44.7019363,11.4051903
535483,Veneto senza verona e vicenza,loc. Mortise  35129 Padova ( PD ),San Lorenzo Invest srl,45.4229999,11.9062735
535494,PIEMONTE,Via Nurivalle   10094 Giaveno ( TO ),Bernardi Costruzioni di Bernardi Davide,45.0432018,7.32856
535601,emilia romagna,via Loreto  47521 Cesena ( FC ),Impresa Edile Medri Renzo & C. snc,44.1092242,12.327577
535602,PIEMONTE,Vc. Santa Lucia   10040 Piobesi Torinese ( TO ),ML Costruzioni di Leotta Marco; assegnato,44.9272504,7.6153608
535647,emilia romagna,43017 San Secondo Parmense ( PR ),Unicrea srls; assegnato,44.9228454,10.2287536
535650,emilia romagna,via Ponte Nuovo  43036 Fidenza ( PR ),Edilfidenza Due Coop.s.coop.a rl; assegnato,44.8534229,10.069056
535656,emilia romagna,via Neri  41032 Cavezzo ( MO ),Edili Benatti snc; assegnato,44.8424496,11.0227069
535705,Veneto senza verona e vicenza,Via San Bortolo  35043 Monselice ( PD ),Battistella Costruzioni srl,45.2150113,11.7594241
535755,emilia romagna,Via Silvio Pellico 6  41042 Fiorano Modenese ( MO ),Edifica srl,44.5395794,10.8128343
535823,PIEMONTE,Via Pianca   28100 Novara ( NO ),Veli Murrani; assegnato,45.4476763,8.6458951
535928,emilia romagna,Via Suzzi  48124 Ravenna ( RA ),CMCF Soc. Coop. Muratori Cementisti Faenza,44.4033523,12.1878969
535949,emilia romagna,via Campanella   40026 Imola ( BO ),Studio Qualità Immobiliare srl; assegnato,44.3515614,11.7289236
536007,emilia romagna,Via XX Settembre 31  40033 Casalecchio di Reno ( BO ),Tecnocem srl; assegnato,44.47809549999999,11.2766522
536015,PIEMONTE,Vc. A.Brustio 11  28066 Galliate ( NO ),Airoldi Costruzioni srl,45.4735851,8.6987313
536016,PIEMONTE,Via Serena  10090 Sangano ( TO ),EdilGallo Costruzioni srl,45.0267799,7.4436505
536083,emilia romagna,Via Solarolo snc  48125 Ravenna ( RA ),Gruppo Ritmo srl,44.3155188,12.3391666
536084,emilia romagna,Via Lord Byron snc  48125 Ravenna ( RA ),Gruppo Ritmo srl,44.3079973,12.343463
536086,emilia romagna,Via Antica Milizia  48121 Ravenna ( RA ),Gruppo Ritmo srl + Gruppo Ritmo srl; assegnato,44.4105409,12.2195399
536106,emilia romagna,via Sgarbata 1  44124 Ferrara ( FE ),Oceania Immobiliare sas di Braccio Giuseppe; assegnato,44.76647630000001,11.5790221
536338,PIEMONTE,Via Armando Diaz  28040 Lesa ( NO ),Elle BI VI Costruzioni srl; assegnato,45.8209799,8.5582287
536388,emilia romagna,Via Virginia Woolf  41053 Maranello ( MO ),Home Immobili srl; assegnato + San Giacomo srl,44.5263024,10.8666834
536403,PIEMONTE,C.so Acqui  15121 Alessandria ( AL ),Gruppo La Rocca srl; assegnato,44.8948494,8.5937815
536413,PIEMONTE,Via Vincenzo Bellini  10040 Rivalta di Torino ( TO ),Green Life srl; assegnato,45.027311,7.5128826
536434,emilia romagna,Str. Saliceto Panaro  41122 Modena ( MO ),Costruzioni Iris srl,44.6390804,10.9504702
536666,emilia romagna,Via Emilia   40068 San Lazzaro di Savena ( BO ),Bononia Holding srl,44.4711516,11.4096065
536676,emilia romagna,Via Tramazzo  48121 Ravenna ( RA ),(nominativo al momento non dichiarato); assegnato,44.4073784,12.2250805
536695,Veneto senza verona e vicenza,Via Papa Giovanni XXIII 67  30015 Chioggia ( VE ),Rossi Mauro srl; assegnato,45.1825738,12.2807521
536733,Veneto senza verona e vicenza,via Borgofuro snc  35042 Este ( PD ),Tecnocostruzioni  Group; assegnato,45.2247395,11.6637852
536780,PIEMONTE,Via Fra Dolcino  13854 Quaregna Cerreto ( BI ),Barchi Costruzioni srl,45.5694429,8.1655232
536882,PIEMONTE,Via delle Vigne  10070 San Carlo Canavese ( TO ),Abita Costruzioni srl; assegnato,45.2830836,7.6498909
536885,PIEMONTE,Via C. Colombo 157  10020 Cavagnolo ( TO ),ARC Antonio Ribaudo Costruzioni srl,45.1534148,8.0510047
537074,emilia romagna,Via Allende 101  47841 Cattolica ( RN ),Rocar Costruzioni srl,43.9574958,12.7311146
537094,PIEMONTE,10040 La Loggia ( TO ),La Fenice srl; assegnato,44.9568132,7.667317799999999
537153,emilia romagna,Via delle Americhe  48122 Ravenna ( RA ),Gruppo Ritmo srl,44.4445779,12.2891309
537161,emilia romagna,Via Tellarini 79/3  48022 Lugo ( RA ),Ingegneria Emiliana; aggiudicato all'impresa segnalata che ha offerto il ribasso del 8%.; assegnato,44.4176154,11.9167619
537305,PIEMONTE,Via Pieroni  12051 Alba ( CN ),Masec srl; assegnato,44.6823182,8.0055968
537531,emilia romagna,Via Marangoni  40059 Medicina ( BO ),Next Design Group srl,44.4774299,11.6384994
537532,emilia romagna,via Marangoni snc  40059 Medicina ( BO ),Agalmata srl,44.3471104,11.7013172
537603,PIEMONTE,Via Bertola  13900 Biella ( BI ),Coppa Costruzioni srl,45.5727697,8.0741452
537627,PIEMONTE,S.P. 589  12030 Manta ( CN ),Tre C Manta srl,44.6157122,7.4882523
537876,Veneto senza verona e vicenza,Loc. Montecchia - v.lo Collodi  35030 Saccolongo ( PD ),ASA Costruzioni Padova srl,45.3904355,11.7624383
538049,PIEMONTE,Via F. Crispi 4  10038 Verolengo ( TO ),Mulè Rosario & Figli srl; assegnato,45.19107700000001,7.9634203
538070,emilia romagna,Via Tre Case  41039 Modena ( MO ),Estense Costruzioni; assegnato,37.9642529,-91.8318334
538084,emilia romagna,str. Canaletto Sud  41100 Modena ( MO ),(nominativo al momento non dichiarato); assegnato,44.6853703,10.9396228
538088,PIEMONTE,C.so Francia  10093 Collegno ( TO ),DueB Costruzioni srl,45.0732361,7.5874066
538242,Veneto senza verona e vicenza,Via Martiri di Cefalonia  35020 Albignasego ( PD ),Terranova srl; assegnato,45.3625745,11.9357486
538301,PIEMONTE,Fraz. Fornaci  10092 Beinasco ( TO ),Consorzio CIDIS; assegnato,45.0279678,7.598239
538456,emilia romagna,via Papa Giovanni Paolo II  41018 San Cesario sul Panaro ( MO ),Bibiemme Srls; assegnato + RT Costruzioni; assegnato,44.5606049,11.0399837
538460,emilia romagna,Via Cavour 51  42017 Novellara ( RE ),DM Costruzioni srl; assegnato,44.7683024,10.7781554
538465,emilia romagna,Via Madre Teresa di Calcutta  43015 Noceto ( PR ),(nominativo al momento non dichiarato),44.8234196,10.210223
538473,Veneto senza verona e vicenza,Via Prati  35010 Trebaseleghe ( PD ),Costruzioni Edili F.Lli Scattolin Di Dino & Luciano; assegnato,45.6014841,12.0734208
538474,Veneto senza verona e vicenza,35020 Brugine  (PD),Immobiliare Millennio Snc Di Borile Daniela & C.,45.2990694,11.9922654
538747,emilia romagna,Via Rita Levi Montalcini 25  40016 San Giorgio di Piano ( BO ),Lacchei Impresa Edile; assegnato,44.6499941,11.368078
538778,PIEMONTE,Strada Romentino Pernate 51  28100 Novara ( NO ),Agos srl,45.4582392,8.681782
538802,PIEMONTE,Via Don Giacomo Pessione  12062 Cherasco ( CN ),Aedes sas di Buglione Fiorella & C + Aedes sas di Buglione Fiorella & C; assegnato,44.6521292,7.776258
538869,emilia romagna,via Emilia Ovest  43126 Parma ( PR ),Fa 10 Srl; assegnato,44.8102,10.2852534
539047,Veneto senza verona e vicenza,Via degli Alpini  31040 Nervesa della Battaglia ( TV ),Piergio' Costruzioni Immobiliari srl; assegnato,45.8106837,12.1883529
539049,emilia romagna,Via Del Commercio 19  41042 Fiorano Modenese ( MO ),ICOED srl Unipersonale; aggiudicato; assegnato,44.53569479999999,10.8406277
539056,PIEMONTE,via XX Settembre  10121 Torino ( TO ),Primula Costruzioni srl; assegnato,45.0688411,7.6817714
539164,emilia romagna,Via del Papa  40014 Crevalcore ( BO ),Impresa Edile Monfredini di Monfredini Geom. Carlo; assegnato,44.7285105,11.1473051
539168,Veneto senza verona e vicenza,Vc. Rialto  35036 Montegrotto Terme ( PD ),Bazza Real Estate srl; assegnato,45.3250935,11.7863813
539293,PIEMONTE,10071 Borgaro Torinese ( TO ),Le Verne srl; assegnato,45.1516205,7.6572574
539492,PIEMONTE,14053 Canelli ( AT ),DRC Costruzioni Generali srl; assegnato,44.7195598,8.286283
539497,PIEMONTE,Via Giuseppe Verdi  12062 Cherasco ( CN ),Edil LoGa srl; assegnato,44.6755459,7.8422603
539575,Veneto senza verona e vicenza,Via Giuseppe Caron  35020 Sant'Angelo di Piove di Sacco ( PD ),Evelin Costruzioni; assegnato,45.3281951,11.9876681
539687,PIEMONTE,via Strera  28047 Oleggio ( NO ),Raso Michele,45.5969335,8.6546948
539690,emilia romagna,S.P. Coduro 11Q  43036 Fidenza ( PR ),Immobiliare Irene srls; assegnato,44.8561249,10.0876645
539719,Veneto senza verona e vicenza,Via Santa Lucia   31030 Castelcucco ( TV ),Costruzioni Dalla Libera srl; assegnato,45.832835,11.877058
539779,emilia romagna,Via Ravenna ang. Via Savio   47814 Bellaria-Igea Marina ( RN ),Moma srl,44.1590669,12.4448064
539786,emilia romagna,Strada Varana  43017 San Secondo Parmense ( PR ),BDM Costruzioni di Daracchi srl,44.9127343,10.2085834
539940,emilia romagna,Loc. Mavora  40019 Sant'Agata Bolognese ( BO ),Scandia Costruzioni srl; assegnato,44.666801,11.1252383
539953,TRENTINO ALTO ADIGE,Via Piccola  38051 Borgo Valsugana ( TN ),Kostruire srl,46.0490627,11.4665551
540100,emilia romagna,Via Pasquale Tosi  47822 Santarcangelo di Romagna ( RN ),Bolognesi Vittorio & C. sas; assegnato,44.0714472,12.4594698
540114,PIEMONTE,Via Avogadro  13854 Quaregna Cerreto ( BI ),Barchi Costruzioni srl,45.5826658,8.1621373
540117,PIEMONTE,10030 Rondissone ( TO ),Effepi Costruzioni srl,45.2467727,7.9653715
540140,Veneto senza verona e vicenza,Via Mons. Luigi Antonello   31036 Istrana ( TV ),Immobiliare Stemarc sas,45.680538,12.1032363
540191,emilia romagna,Via Santa Croce  47032 Bertinoro ( FC ),Antonelli Edilizia srl; assegnato,44.1958427,12.1851834
540351,Veneto senza verona e vicenza,Via Cassan  35121 Padova ( PD ),Bassetto Costruzioni srl; Pesce Costruzioni srl,45.4094223,11.8801858
540368,Veneto senza verona e vicenza,35020 Maserà di Padova ( PD ),Stivanello Immobiliare sas di Stivanello Giorgio & C.; assegnato,45.3203152,11.8632604
540498,PIEMONTE,Strada Privata Perosi  28100 Novara ( NO ),Nuova Edil Pernate srl,45.4612397,8.6177752
540499,PIEMONTE,Str. Fenestrelle  10064 Pinerolo ( TO ),Gruppo Piotto srl; assegnato,45.0657449,7.7388245
540528,Veneto senza verona e vicenza,Via G. Zappatori   31040 Nervesa della Battaglia ( TV ),Veneto Strutture srl; assegnato,45.8206159,12.2025022
540562,emilia romagna,Via Lama di Reno  40043 Marzabotto ( BO ),Balestri Srl; assegnato,44.3567121,11.2149772
540718,Veneto senza verona e vicenza,Via Armando Diaz 65  35031 Abano Terme ( PD ),Domus Factory srl; assegnato,45.3615009,11.8002766
540922,Veneto senza verona e vicenza,Via Caduti di Nassyria   35035 Mestrino ( PD ),Costruzioni Mestrino srl; assegnato,45.4367638,11.764255
541142,PIEMONTE,Via Monviso 11/13  12030 Torre San Giorgio ( CN ),Vema srl,44.7350483,7.52582
541148,PIEMONTE,Via Cerea  28040 Mezzomerico ( NO ),Modularee; assegnato,45.6157978,8.6076189
541249,emilia romagna,Via Formica (ex c.d.1)   43015 Noceto ( PR ),Rgm New srl,44.8154328,10.1608759
541337,emilia romagna,Via Budellungo Est   43123 Parma ( PR ),DB Consulting srl; assegnato,44.781875,10.356819
541345,emilia romagna,Strada Budellungo   43123 Parma ( PR ),DB Consulting srl; assegnato,44.7748323,10.3682691
541348,emilia romagna,Via Erberto Carboni  43123 Parma ( PR ),La Torre srl,44.7788223,10.3670603
541500,Veneto senza verona e vicenza,Via Antonio Pacinotti  35010 Trebaseleghe ( PD ),Malvestio Case srl; assegnato,45.5948388,12.0550523
541513,PIEMONTE,Via Pratonuovo  10040 Leini ( TO ),Grassia Costruzioni srl,45.1917297,7.7034205
541522,PIEMONTE,Strada privata Perosi  28100 Novara ( NO ),Nuova Edil Pernate srl,45.4612397,8.6177752
541532,PIEMONTE,V.le Europa 53  10040 Leini ( TO ),Edil Casula srl; assegnato,45.1834546,7.715947700000001
541534,PIEMONTE,Via Don Michele Cavaletto  10086 Rivarolo Canavese ( TO ),JCS Costruzioni srl,45.345903,7.7087203
541535,PIEMONTE,C.so XXV Aprile  12022 Busca ( CN ),Rosso Enzo e F.lli Costruzioni Edili snc,44.5206547,7.4758796
541544,PIEMONTE,Via Rubiana  10040 Almese ( TO ),Natural House; assegnato,45.123652,7.392144
541704,emilia romagna,Via V. Bellini  40054 Budrio ( BO ),Impresa Edile Calori,44.5221607,11.526332
541707,emilia romagna,Via Berlinguer   40054 Budrio ( BO ),Smat Due di Massimo Tassinari & C. srl; assegnato,44.5327379,11.5393924
541709,emilia romagna,Via B. Orsoni   40054 Budrio ( BO ),Budrio Due Costruzioni srl; assegnato,44.5325565,11.5369551
541777,PIEMONTE,via Giulio Cesare  28100 Novara ( NO ),Capogruppo ATI; TK srl; assegnato,45.4349842,8.6177135
541854,PIEMONTE,Via B.Alfieri 6  28100 Novara ( NO ),Nuova Edil Pernate srl; assegnato,45.4439298,8.609087599999999
541858,PIEMONTE,Via Felice Cavallotti  28845 Domodossola ( VB ),Frua Immobiliare srl; assegnato,46.1133862,8.2930042
541866,PIEMONTE,Via Marelli 7  28072 Briona ( NO ),(nominativo al momento non dichiarato); assegnato,45.5342341,8.5090901
541869,PIEMONTE,Via Biscaretti 5  10060 San Secondo di Pinerolo ( TO ),La Gustavo sas di Di Gangi Davide & C; assegnato,44.8625971,7.3195577
541938,emilia romagna,Via Mazzoni   29027 Podenzano ( PC ),BSB Edilizia snc di Bonfanti Enrico & C.; assegnato,44.9537324,9.6893627
541959,Veneto senza verona e vicenza,Via Sega 3394  35010 San Giorgio in Bosco ( PD ),Mozzo F.lli snc Costruzioni Edili,45.5975093,11.8392096
542089,Veneto senza verona e vicenza,Via Pertini   35020 Legnaro ( PD ),Sabegi srl; assegnato,45.3425566,11.9708652
542124,Veneto senza verona e vicenza,Via Posa 32   31030 Castelcucco ( TV ),Edilcolli snc; assegnato,45.8261913,11.8839331
542195,Veneto senza verona e vicenza,Via Lazzaretto  35010 Trebaseleghe ( PD ),(nominativo al momento non dichiarato); assegnato,45.5965448,12.0573513
542206,Veneto senza verona e vicenza,Via Garibaldi  31053 Pieve di Soligo ( TV ),De Biasi Costruzioni snc,45.9014921,12.1716702
542242,emilia romagna,Via Scarlatti   44042 Cento ( FE ),Edilsamos srl; assegnato,44.7290421,11.2795061
542275,PIEMONTE,Str. Perosi   28100 Novara ( NO ),Nuova Edil Pernate srl; assegnato,45.4190568,8.6134648
542429,Veneto senza verona e vicenza,Via Castellari  31023 Resana ( TV ),Domus 21 srl; assegnato,45.6329168,11.9530062
542466,PIEMONTE,via G. Matteotti 112/bis  28857 Santa Maria Maggiore ( VB ),(nominativo al momento non dichiarato); assegnato,46.1337219,8.4706349
542609,emilia romagna,V.le delle Americhe  48122 Ravenna ( RA ),Gruppo Ritmo srl,44.4445779,12.2891309
542713,emilia romagna,Via Fabrizio de André  43015 Noceto ( PR ),(nominativo al momento non dichiarato); assegnato,44.794894,10.1708668
542719,emilia romagna,Via Andrea Borri   43022 Montechiarugolo ( PR ),Arcadue Immobiliare srl; assegnato,44.7278513,10.4033128
542770,emilia romagna,Via Papa Giovanni Paolo II   41018 San Cesario sul Panaro ( MO ),Ghirlandina Buildings srl; assegnato,44.5606049,11.0399837
542944,Veneto senza verona e vicenza,Via Falcone e Borsellino   31053 Pieve di Soligo ( TV ),(nominativo al momento non dichiarato),45.8956498,12.1708525
543154,PIEMONTE,Via Oulx  10050 Sauze d'Oulx ( TO ),Santo Stefano Costruzioni srl; assegnato,45.0258042,6.8499779
