ID Progetto,File,Indirizzo,Imprese,Latitudine,Longitudine
186399,Veneto senza verona e vicenza,ex cartiera Galvani  31029 Vittorio Veneto ( TV ),Luma srl,45.973307,12.3114989
274886,emilia romagna,Via Ponente  40133 Bologna ( BO ),Impresa Percassi SpA,44.5084224,11.2990218
313694,TRENTINO ALTO ADIGE,Zona Gansplatzen  39044 Egna ( BZ ),Mak Costruzioni srl,46.3070976,11.2673189
335871,Veneto senza verona e vicenza,Via Selva Rosata 79  30021 Caorle ( VE ),Manelli Impresa Spa,45.5617946,12.7946751
354036,TRENTINO ALTO ADIGE,Via Alto Adige  39100 Bolzano ( BZ ),CMB Coop.Muratori e Braccianti di Carpi srl,46.4963108,11.3551164
363618,Veneto senza verona e vicenza,Sestiere Dorsoduro 2209  30123 Venezia ( VE ),Errico Costruzioni srl,45.4343206,12.3258343
371374,Veneto senza verona e vicenza,Via del Giglio  35100 Padova ( PD ),San Lorenzo Invest srl,45.4365789,11.882154
386443,TRENTINO ALTO ADIGE,Fr.Settequerce  39018 Terlano ( BZ ),Mastria Costruzioni srl,46.51140470000001,11.2661069
393762,PIEMONTE,Via Verdi 18  10078 Venaria Reale ( TO ),Cobar SpA + Fiammengo Federico srl; integrato,45.1314151,7.6277211
402002,PIEMONTE,C.so Francia 45  10100 Torino ( TO ),Nuova Siet SpA,45.0733691,7.600601699999999
407299,Veneto senza verona e vicenza,via Verdi  35013 Cittadella ( PD ),Tiemme Costruzioni Edili SpA,45.643529,11.7828906
409306,emilia romagna,p.le Farini 21  48121 Ravenna ( RA ),CEAR Consorzio Edili Artigiani Ravenna Soc.; Safer srl; Stylcasa srl,44.4187463,12.205547
410608,PIEMONTE,Via Principi di Villafranca 4  10068 Villafranca Piemonte ( TO ),Capogruppo ATI; MIT srl,44.7833939,7.508184699999999
414116,TRENTINO ALTO ADIGE,Via Piave   38122 Trento ( TN ),Habitat SpA Impresa Costruzioni,46.0625814,11.1262839
416425,PIEMONTE,Str. Castelvecchio  10024 Moncalieri ( TO ),Sinfonia Costruzioni srl,45.0075266,7.7028055
435310,PIEMONTE,via C.Ramo  10090 Buttigliera Alta ( TO ),MIRO srl Costruzioni Edili,45.0823375,7.4266597
437464,PIEMONTE,Via XXIV Maggio 20  28921 Verbania ( VB ),Frua Immobiliare srl,45.9413754,8.5614394
443862,Veneto senza verona e vicenza,Via T.Aspetti 259  35134 Padova ( PD ),Cons. Stabile Conpat scarl; GeDi Group SpA; Taddei Spa,45.4297674,11.8880823
446974,PIEMONTE,via Pisa 38  10152 Torino ( TO ),Perino Piero srl,45.0757341,7.6940428
447227,emilia romagna,Via Bergamo  47838 Riccione ( RN ),I Platani srl; integrato aggiudicato all'impresa segnalata che ha indicato i,43.99267,12.6623023
448261,PIEMONTE,via don Orione  12042 Bra ( CN ),Mondavi Costruzioni Bra,44.7141578,7.8318533
453271,emilia romagna,Via Emilia  40064 Ozzano dell'Emilia ( BO ),Futura Costruzioni srl,44.4437443,11.4788431
454307,emilia romagna,Via S.Eufemia 25  41121 Modena ( MO ),AEC Costruzioni srl,44.6469567,10.9237794
454717,PIEMONTE,P.za Europa  12100 Cuneo ( CN ),Barra Costruzioni srl,44.384053,7.5413579
455789,emilia romagna,Via Costa 106  47822 Santarcangelo di Romagna ( RN ),Zanon Prefabbricati,44.0686715,12.4332105
459380,PIEMONTE,Via Bergamo  10036 Settimo Torinese ( TO ),Bonarrigo Costruzioni srl,45.1502372,7.7826872
459429,PIEMONTE,Via Giuseppe Verdi 9  10124 Torino ( TO ),Alma CIS srl; Capogruppo ATI; Consorzio San Luca srl,45.0695393,7.6896272
459540,Veneto senza verona e vicenza,Via Cavour  35020 Ponte San Nicolò ( PD ),Galiazzo Fratelli Costruzioni srl,45.3640416,11.9099118
459556,TRENTINO ALTO ADIGE,Via Dante 27  39031 Brunico ( BZ ),Elpo srl; Schmidhammer srl; Unionbau SpA + Wipptaler Bau SpA,46.7985767,11.9483053
461433,emilia romagna,Via C. Breveglieri 2/2  44042 Cento ( FE ),Attiva Costruzioni srl; Cires Società Cooperativa; Consorzio Integra Società Cooperativa,44.7306825,11.2910966
462603,TRENTINO ALTO ADIGE,P.za Righi  38086 Pinzolo ( TN ),Pavoni SpA,46.2307443,10.8265439
463397,emilia romagna,Via Cappella 109  41053 Maranello ( MO ),CME Consorzio Imprenditori Edili s.coop.,44.50715960000001,10.8729908
463961,emilia romagna,Via del Municipio 2  47028 Verghereto ( FC ),Baglioni srl,43.79529,12.00567
464092,emilia romagna,Via Montevecchio  47921 Rimini ( RN ),Venturelli Romolo Srl,44.0053215,12.5549224
464989,Veneto senza verona e vicenza,Via Tinto  30174 Venezia ( VE ),Suninvest SpA,45.5107111,12.2447528
468109,Veneto senza verona e vicenza,Via Don Lorenzo Milani  35020 Arzergrande ( PD ),Edil Ciemme srl,45.2749243,12.0754167
468342,PIEMONTE,Str. Profonda  12051 Alba ( CN ),Domus sas,44.6850837,8.0364157
469977,emilia romagna,Via Nonantolana 221  41122 Modena ( MO ),ArCo Lavori s.coop.consortile; VF Costruzioni e Restauri Srl + Scientia srl,44.6542744,10.9396493
470256,PIEMONTE,Via Druento  10044 Pianezza ( TO ),Neglia Costruzioni srl,45.1118731,7.5596479
472222,TRENTINO ALTO ADIGE,Via Castel Flavon 5  39100 Bolzano ( BZ ),Dalle Nogare Costruzioni srl,46.4886044,11.3484601
474845,PIEMONTE,Via Pisa 18  10152 Torino ( TO ),Fiammengo Federico srl,45.0782151,7.6917613
474849,PIEMONTE,Via Langrage 35  10123 Torino ( TO ),Primula Costruzioni srl,45.0645345,7.681906100000001
476035,emilia romagna,Loc. Castelguelfo  43010 Fontevivo ( PR ),Scaramuzza Fabrizio srl,44.825244,10.211905
477823,PIEMONTE,Area ex campo base TAV  28100 Novara ( NO ),MIT srl,45.4467749,8.6168696
477828,PIEMONTE,Area ex Campo Base TAV  28100 Novara ( NO ),Capogruppo ATI; Dussmann Service Italia,45.4467749,8.6168696
478145,Veneto senza verona e vicenza,Via Cavour  30014 Cavarzere ( VE ),Capogruppo ATI; Erre Costruzioni srl; Sogedico srl; integrato; integrato aggiudicato alle imprese segnalate riunite in ATI.,45.1399718,12.085654
478867,PIEMONTE,Via Cravero 107  10095 Grugliasco ( TO ),Selva Mercurio srl,45.06256,7.580214299999999
479028,emilia romagna,Via P. Togliatti  40050 Monte San Pietro ( BO ),Ter Costruzioni srl,44.4484287,11.1893038
479436,emilia romagna,PEEP Q.re Farnesiana  29122 Piacenza ( PC ),BeGen Infrastrutture srl,45.0300347,9.7138525
479847,TRENTINO ALTO ADIGE,Via Carlo Devigili  38017 Mezzolombardo ( TN ),De Vigili Imm.re srl,46.2089268,11.0995313
480772,PIEMONTE,Via Stazione  10090 Rosta ( TO ),Crisma Costruzioni,45.0745412,7.4628222
481673,emilia romagna,Via Brando Brandi  47121 Forlì ( FC ),Olivucci Enea Srl,44.1772213,12.0689615
482388,PIEMONTE,Q.re Sant'Agabio  28100 Novara ( NO ),Mattioda Pierino & Figli SpA; integrato,45.4458388,8.637461199999999
482730,PIEMONTE,Via Alfazio 5  10046 Poirino ( TO ),Capogruppo ATI; Dicearco Costruzioni srl; Pace Costruzioni srl,44.9211025,7.846222300000001
484444,PIEMONTE,Via San Damiano Macra  12100 Cuneo ( CN ),COIFA srl; Romano Costruzioni & C srl - Gruppo Romano,44.3963666,7.5189003
484950,PIEMONTE,Via Rocca de Baldi 7  12100 Cuneo ( CN ),COIFA srl; Capogruppo ATI,44.3904757,7.566931800000001
486880,PIEMONTE,Fr. Abbadia Alpina  10064 Pinerolo ( TO ),ICR Costruzioni srl,44.88587159999999,7.3095834
488230,PIEMONTE,Via Roma  13854 Quaregna Cerreto ( BI ),ISI Costruzioni Generali srl,45.5671617,8.153512
488911,Veneto senza verona e vicenza,Via San Francesco  35020 Ponte San Nicolò ( PD ),Scapin Costruzioni srl,45.3616573,11.9374784
489197,PIEMONTE,P.za Alciati 4-11-15  13100 Vercelli ( VC ),Notarimpresa SpA,45.3245668,8.424615900000001
489424,PIEMONTE,Via Giaveno   10040 Rivalta di Torino ( TO ),Gemina srl,45.0132074,7.5045824
489613,PIEMONTE,C.so Trieste 41  10024 Moncalieri ( TO ),Consorzio Stabile Energos; Fenix Consorzio Stabile scarl,45.009234,7.670859699999999
489615,PIEMONTE,Via S.Maria 78/80/82  10024 Moncalieri ( TO ),Studio Oikos srl,44.9920664,7.6638633
489750,emilia romagna,Loc. Quara  42010 Toano ( RE ),Tazzioli e Magnani srl,44.356627,10.5078975
489767,PIEMONTE,Via G. Ferraris  13100 Vercelli ( VC ),Notarimpresa SpA,45.3277404,8.4200875
490142,PIEMONTE,Via Dante 87-89  13100 Vercelli ( VC ),Notarimpresa SpA,45.3266061,8.4197123
490161,emilia romagna,Via Zanasi 60  41013 Castelfranco Emilia ( MO ),Capogruppo ATI; Mei Tecnologie e Costruzioni srl,44.593983,11.052136
490196,emilia romagna,Via Europa  47822 Santarcangelo di Romagna ( RN ),FLP Costruzioni srl,44.0604613,12.4577732
490467,emilia romagna,Via Grandi 195  41019 Soliera ( MO ),ArCo Lavori s.coop.consortile; VF Costruzioni e Restauri srl,44.73987289999999,10.925054
490773,PIEMONTE,St. Becco d'Ania  12038 Savigliano ( CN ),Immobiliare Santarosa srl,44.6481313,7.6539457
491290,emilia romagna,Via Puccini  40026 Imola ( BO ),Mucini Srl di Mucini Gianfranco,44.3462132,11.6855878
491589,Veneto senza verona e vicenza,Via Stadio 16  31015 Conegliano ( TV ),Golden Art srl,45.8814895,12.3047018
491816,PIEMONTE,Via Santa Caterina 25  15011 Acqui Terme ( AL ),Bianchi Costruzioni sas di Bianchi geom Carlo e C,44.6733784,8.464229999999999
493747,emilia romagna,Via Tine  44022 Comacchio ( FE ),Cires Società Cooperativa; Consorzio Integra Società Cooperativa; Seep Bo srl; assegnato,44.6859721,12.1940148
493748,emilia romagna,Via Risorgimento  44022 Comacchio ( FE ),Alco Costruzioni srl,44.6783948,12.2299464
494586,PIEMONTE,Via Calderara 12-18  28100 Novara ( NO ),Gruppo Tecnoimprese srl,45.4453275,8.645506899999999
494678,PIEMONTE,Via Beale  10094 Giaveno ( TO ),Consorzio Innova Società Cooperativa,45.0343803,7.3468669
495412,emilia romagna,Via Lama di Reno 30  40043 Marzabotto ( BO ),Balestri Srl; Effe-Gi Impianti Srl,44.3634498,11.216306
495495,emilia romagna,V.le Amerigo Vespucci  48125 Ravenna ( RA ),Galileo srl,44.3241064,12.3337811
495536,PIEMONTE,Loc. Area Altipiano  12100 Cuneo ( CN ),Giordano Costruzioni srl,44.3844766,7.5426711
495903,emilia romagna,Via Saragat  40019 Sant'Agata Bolognese ( BO ),Edilcraft srl,44.6595848,11.1456225
496253,Veneto senza verona e vicenza,Via Martiri delle Foibe  32036 Sedico ( BL ),Tena srl,46.1138677,12.0928919
496384,emilia romagna,Via Sacco e Vanzetti  44021 Codigoro ( FE ),Cires Società Cooperativa; Consorzio Integra Società Cooperativa; Seep Bo srl,44.8296325,12.1162043
496560,emilia romagna,Via Tisi 4  44011 Argenta ( FE ),Cires Società Cooperativa; Consorzio Integra Società Cooperativa; Seep Bo srl,44.6107088,11.8420214
496599,emilia romagna,Via R. Livatino 2  43039 Salsomaggiore Terme ( PR ),Renato Monica srl; integrato,44.81658849999999,9.9945036
496671,emilia romagna,Via Verga 2  44047 Terre del Reno ( FE ),Medil srl Costruzioni Generali,44.8019071,11.4133937
496776,emilia romagna,Via Andrea Costa 4  42016 Guastalla ( RE ),Edilpiù di Vaccari Emerenzio & C Snc,44.9212965,10.6504698
496932,emilia romagna,Via Rodolfo Morandi 1  44023 Lagosanto ( FE ),P & C Costruzioni srl; Rico Costruzioni srl; integrato,44.7625854,12.1453606
496942,emilia romagna,Via Lorenzini 1  44020 Ostellato ( FE ),Medil srl Costruzioni Generali,44.7652349,11.8729277
496946,emilia romagna,Via Roma 39  44015 Portomaggiore ( FE ),Alco Costruzioni srl,44.6994501,11.8062143
497722,emilia romagna,Via Nenni 41  44028 Poggio Renatico ( FE ),Medil srl Costruzioni Generali; integrato,44.76243849999999,11.4895676
497909,emilia romagna,Via Focherini  41043 Formigine ( MO ),Frascari Ferruccio SpA,44.5799229,10.8447998
498532,emilia romagna,V.le Piemonte  47838 Riccione ( RN ),Sorgente srl,44.0077449,12.6269914
498895,emilia romagna,Via B.go San Giuseppe 32  43125 Parma ( PR ),Cams Servizi Edili srl; Capogruppo ATI; F.lli B System Srl,44.7997812,10.3191568
498898,emilia romagna,Via del Garda 8  43123 Parma ( PR ),Cams Servizi Edili srl; Capogruppo ATI,44.8023183,10.3503157
499023,PIEMONTE,Via Martiri  12081 Beinette ( CN ),Impresa Edile Marchisio di Marchisio Renato & C,44.3667195,7.6426329
500059,Veneto senza verona e vicenza,Via della Pace  45010 Villadose ( RO ),Edilcos Costruzioni srl,45.0740046,11.8920927
500506,PIEMONTE,Via Buonarroti 18  28100 Novara ( NO ),Costruzioni Edili Ferrò srl,45.4427088,8.6149559
500595,emilia romagna,Via Card.Maculani  29100 Piacenza ( PC ),Housingest Network Srl,45.0588439,9.6945459
500677,PIEMONTE,Via G. Pacchiotti   10094 Giaveno ( TO ),Macchia srl,45.0776928,7.6274815
500774,PIEMONTE,Via Comba Romana  12026 Piasco ( CN ),Rinaudo Costruzioni di Rinaudo Francesco & C snc,44.56238,7.4513213
500955,Veneto senza verona e vicenza,Q.re. San Liberale  31100 Treviso ( TV ),Capogruppo ATI; Ecis Global srl; Mini Costruzioni Srl,45.5494774,12.3366256
501108,PIEMONTE,C.so Stati Uniti 21  10128 Torino ( TO ),Primula Costruzioni srl,45.06249469999999,7.6701742
501670,PIEMONTE,Via Cavour 3  28100 Novara ( NO ),Capogruppo ATI,45.4493226,8.6218956
501856,PIEMONTE,Area ex Veglio   10154 Torino ( TO ),Mattioda Pierino & Figli SpA,45.0998344,7.710656600000001
502430,emilia romagna,Str. del Lazzaretto  43123 Parma ( PR ),Buozzi & C. Costruzioni srl,44.7613676,10.3761713
502432,emilia romagna,Via Budellungo Est  43123 Parma ( PR ),Immobiliare Farnese srl,44.781875,10.356819
503391,PIEMONTE,Via Costantino Perazzi 34  28100 Novara ( NO ),Frola Group Costruzioni,45.4411356,8.6082627
503806,emilia romagna,Via Gandolfi  40050 Castello d'Argile ( BO ),Merighi srl,44.6762477,11.2955451
503994,Veneto senza verona e vicenza,Via W. Ferrari 30  45100 Rovigo ( RO ),Milan Luigi srl,45.0748447,11.7850885
504015,PIEMONTE,St. Romana  10040 Caselette ( TO ),Impresapiemonte srl,45.107729,7.4823481
504053,emilia romagna,Via Fenuzzi   41049 Sassuolo ( MO ),Acea Costruzioni SpA,44.5400508,10.7824231
504244,emilia romagna,via Benassi  41122 Modena ( MO ),Morbio Costruzioni SpA,44.6573172,10.9279091
504281,PIEMONTE,Via Umberto I  10060 Piscina ( TO ),Impregest srl,44.9153292,7.4283998
504317,TRENTINO ALTO ADIGE,Via Filzi 8  38122 Trento ( TN ),Mastropasqua Costruzioni srl,46.0588017,11.1195721
504369,TRENTINO ALTO ADIGE,Via Salita dei Molini  38123 Trento ( TN ),Rs Iniziative srl,46.0460241,11.1471511
504390,TRENTINO ALTO ADIGE,Via delle Tre Croci 52  38121 Trento ( TN ),Franceschini Paolo srl,46.12672449999999,11.1152692
504507,TRENTINO ALTO ADIGE,Via Maioliche 40  38068 Rovereto ( TN ),Bertolini Ocea Impianti srl; DEGA di Gasperini Miriam & C sas,45.8830613,11.0376815
504521,TRENTINO ALTO ADIGE,Via Claudia Augusta 87/89  39100 Bolzano ( BZ ),AP Elettrica snc di Alberto Pecoraro e C.; Capogruppo ATI; Termoidraulica Parotto Vittorino srl,46.48219049999999,11.3425006
505010,PIEMONTE,Via Luigi Einaudi 26-28  12011 Borgo San Dalmazzo ( CN ),Giuggia Costruzioni srl,44.3343952,7.495040200000001
505048,emilia romagna,Via Autoparco  47122 Forlì ( FC ),CSC Costruzioni srl; Capogruppo ATI; Minicucci Cairo Srl,44.2323214,12.0342214
505109,Veneto senza verona e vicenza,Via San Francesco  35028 Piove di Sacco ( PD ),Lasa F.lli Nata srl,45.2922868,12.0345921
505156,PIEMONTE,Via Argentera  10086 Rivarolo Canavese ( TO ),Mautino Armando & C snc,45.3164247,7.7224179
505539,emilia romagna,Str. Corletto Sud 237  41123 Modena ( MO ),VF Costruzioni e Restauri srl,44.6248705,10.8420252
505769,PIEMONTE,Via Peschiera 12  10036 Settimo Torinese ( TO ),Senna Costruzioni srl,45.1324624,7.7730917
506787,emilia romagna,Via Alda Merini 2   40055 Castenaso ( BO ),Abitare Villanova srl,44.50906699999999,11.4689067
506874,PIEMONTE,Via Passerella  28831 Baveno ( VB ),Tecno Costruzioni srl,45.9745208,8.4213918
507738,PIEMONTE,Via Giuseppe Zanoia 22  28100 Novara ( NO ),FIDES srl,45.4384472,8.6120285
507834,Veneto senza verona e vicenza,Via Arco di Giano  35129 Padova ( PD ),Industrie Edili SpA,45.4226426,11.9159623
508641,PIEMONTE,Loc. Riva Valdobbia  13021 Alagna Valsesia ( VC ),Bertini Costruzioni srl,45.8328014,7.954300900000001
509281,Veneto senza verona e vicenza,Via Manzoni   35020 Albignasego ( PD ),Aquarius Immobiliare srl,45.3496869,11.847716
509372,Veneto senza verona e vicenza,Via Armando Diaz 62  35031 Abano Terme ( PD ),Frizzarin Carlo srl,45.362302,11.7939847
509708,PIEMONTE,C.so Grosseto 115  10147 Torino ( TO ),Consorzio Stabile Artemide,45.1040943,7.680598499999999
510093,Veneto senza verona e vicenza,Via De Gasperi  35030 Rubano ( PD ),Tiemme Costruzioni Edili SpA,45.4307244,11.7941166
510689,emilia romagna,Navile  40122 Bologna ( BO ),G&G srl,44.499511,11.3385999
510751,emilia romagna,Via Ca' Rossa  47121 Forlì ( FC ),Valbonetti Costruzioni srl,44.2012531,12.0402867
510855,emilia romagna,Via Verga 62  44124 Ferrara ( FE ),Rico Costruzioni srl; integrato; integrato aggiudicato all'impresa segnalata che ha indicato i,44.8222858,11.5990795
511389,Veneto senza verona e vicenza,Via Risorgimento  35020 Albignasego ( PD ),New Costruzioni srl,45.3369134,11.9034182
511610,TRENTINO ALTO ADIGE,Loc. Canova di Gardolo  38121 Trento ( TN ),Cermis srl; Trento Due srl,46.0991046,11.1086043
512015,emilia romagna,via Col di Lana  44042 Cento ( FE ),Tassi Group Holding srl,44.7608024,11.2872967
512319,PIEMONTE,Via Nobili De Toma  28017 San Maurizio d'Opaglio ( NO ),Simonotti Franco Costruzioni srl,45.7806172,8.389165
512649,emilia romagna,Loc. Milano Marittima  48015 Cervia ( RA ),Gruppo Ritmo srl,44.2680664,12.3553337
513949,emilia romagna,Via S.Marina 35  40010 Bentivoglio ( BO ),Paolucci Costruzioni srl,44.6031573,11.4179637
514086,PIEMONTE,Via Verrua  10040 Osasio ( TO ),Costruttori Qualificati srl,44.8703767,7.607706
514322,TRENTINO ALTO ADIGE,Via delle Piazzole 27  38123 Trento ( TN ),Postal Ivano srl,46.0151175,11.10421
514335,PIEMONTE,Via Roma  12010 Cervasca ( CN ),Effettotetto snc,44.3824118,7.468498
514360,PIEMONTE,Via Vecchia di Borgo San Dalmazzo  12100 Cuneo ( CN ),ICEG snc di Gallo Giuseppe & Figli,44.3726676,7.5273589
514439,Veneto senza verona e vicenza,fr. Mejaniga  35010 Cadoneghe ( PD ),Furlan Costruzioni srl,45.4542321,11.9013505
515182,emilia romagna,Via Collodi 3  40024 Castel San Pietro Terme ( BO ),Romagnoli Costruzioni Edili srl,44.421295,11.520178
515185,emilia romagna,P.zza Togliatti  47035 Gambettola ( FC ),Impresa Edile Medri Renzo & C. snc,44.1063682,12.3363412
515210,PIEMONTE,Via Vercelli  13012 Borgo Vercelli ( VC ),Vesoli Francesco srl,45.3534303,8.4614247
515418,emilia romagna,Via Spadari  44121 Ferrara ( FE ),Costruzioni Borelli,44.8384874,11.6170539
516711,emilia romagna,via Abeti 22  44022 Comacchio ( FE ),Albieri srl,44.668213,12.2446034
516751,PIEMONTE,Via San Paolo della Croce  28062 Cameri ( NO ),Nderjaku Ervis Impresa Edile,45.5098885,8.6664907
517255,emilia romagna,via Moreali 245  41124 Modena ( MO ),Safim srl,44.6371595,10.9387389
517297,emilia romagna,Via Mavora  40019 Sant'Agata Bolognese ( BO ),Scandia Costruzioni srl,44.666801,11.1252383
517541,emilia romagna,Via Speranza  40068 San Lazzaro di Savena ( BO ),Gruppo Dipierri SpA,44.4755738,11.4118767
517610,emilia romagna,via Terracini  40131 Bologna ( BO ),Gruppo Dipierri SpA,44.5157674,11.3206699
517989,emilia romagna,Via del Pereto  29029 Rivergaro ( PC ),Tibulli Costruzioni srl,44.916505,9.5936689
518049,emilia romagna,Via Caduti per la libertà 16  47814 Bellaria-Igea Marina ( RN ),Tosi Immobiliare,44.148853,12.4595989
518691,PIEMONTE,Via Vittorio Veneto 8  10040 Leini ( TO ),Stepa srl immobiliare,45.1891025,7.7210775
518695,PIEMONTE,Via Salassa  10086 Rivarolo Canavese ( TO ),Costantino Costruzioni Edili srl,45.3245667,7.7165604
518716,emilia romagna,Via Udine  41125 Modena ( MO ),Aspen srl,44.6307743,10.925118
518963,emilia romagna,Via Nazionale 86  40038 Vergato ( BO ),IOLA Costruzioni srl,44.29088600000001,11.1155982
519031,Veneto senza verona e vicenza,Via degli Zabarella  35121 Padova ( PD ),Carron SpA,45.4074091,11.879131
519033,Veneto senza verona e vicenza,Via Oroboni  45100 Rovigo ( RO ),Consorzio Innova Società Cooperativa,45.0736667,11.7989752
519052,emilia romagna,Via Alessandro Manzoni  40012 Calderara di Reno ( BO ),Industrie Edili SpA,44.4769329,11.2694066
519076,PIEMONTE,Via Madonna del Colletto   12100 Cuneo ( CN ),COIFA srl; Capogruppo ATI,44.3775002,7.528054
519182,emilia romagna,Loc. Ponte Palagio  40030 Grizzana Morandi ( BO ),Balestri Srl; Bernardi Sergio Srl; Capogruppo ATI; Tovoli Primo Srl,44.22773919999999,11.0577405
519548,PIEMONTE,Via dei Gorghi  13871 Verrone ( BI ),Merlin Costruzioni srl,45.5048474,8.1166867
520080,PIEMONTE,via Sandro Pertini  10023 Chieri ( TO ),Essemme srl,45.0006451,7.8072453
520085,emilia romagna,via Cassio Parmense  43123 Parma ( PR ),Impresa ing.Marchesini srl,44.79237,10.3507052
520141,emilia romagna,Loc. Balze  47028 Verghereto ( FC ),Edil Balze Srl; Lucos srl,43.777489,12.0911565
520631,TRENTINO ALTO ADIGE,Via Pradel  38010 Andalo ( TN ),Casedil srl,46.1656927,10.9973971
520729,TRENTINO ALTO ADIGE,Q.re al Mühlrain  39021 Laces ( BZ ),Bauunternehmen Latsch GmbH,46.6189328,10.8581633
520908,emilia romagna,via Buonamici - via Gravina  47924 Rimini ( RN ),Mar Bell srl,44.048514,12.5939322
521169,PIEMONTE,Via Santa Brigida  12030 Manta ( CN ),Ciga Costruzioni srl,44.6176016,7.4833618
521195,Veneto senza verona e vicenza,Via Bianchi  31021 Mogliano Veneto ( TV ),Finmac srl,45.5762861,12.2451871
521207,PIEMONTE,Via Bongioanni 20  12100 Cuneo ( CN ),Capogruppo ATI; Gruppo ECF SpA,44.3808057,7.535428599999999
521221,TRENTINO ALTO ADIGE,Via Vittime delle Foibe  38122 Trento ( TN ),Enrico Rigotti Costruzioni,46.0858331,11.1141948
521477,emilia romagna,Via Marconi 11   47924 Rimini ( RN ),Modulo Costruzioni,44.0337265,12.6159917
521511,emilia romagna,V.le Siracusa  47924 Rimini ( RN ),Oasi srl,44.0420413,12.6038936
521801,Veneto senza verona e vicenza,Via Cacciatori delle Alpi 16  31015 Conegliano ( TV ),Terna Costruzioni srl,45.87343360000001,12.2836901
521922,Veneto senza verona e vicenza,V.lo G. Visentin  35020 Albignasego ( PD ),Valverde Imm.re srl,45.3139501,11.9481531
521926,Veneto senza verona e vicenza,Via Dante  35030 Selvazzano Dentro ( PD ),Cedri Immobiliare srl,45.4199515,11.8062447
522112,TRENTINO ALTO ADIGE,Via del Travai  38122 Trento ( TN ),Dalbon Costruzioni srl,46.0647289,11.1214714
522205,emilia romagna,Via Ariosto snc  40026 Imola ( BO ),SOGEI srl,44.3496035,11.713451
522260,PIEMONTE,Via XXV Aprile  10091 Alpignano ( TO ),Beton Scavi srl,45.0886321,7.5277946
522326,emilia romagna,Via della Repubblica  47034 Forlimpopoli ( FC ),Gazzoni srl,44.1910269,12.1290072
522631,TRENTINO ALTO ADIGE,Via Einaudi 22  38123 Trento ( TN ),Kostruire srl,46.05239479999999,11.1269947
522660,Veneto senza verona e vicenza,Via Marconi  32043 Cortina d'Ampezzo ( BL ),Renco SpA,46.5390093,12.1378388
522684,emilia romagna,Via Pietro Mennea 1/3  40016 San Giorgio di Piano ( BO ),Schibuola Costruzioni srl,44.6450687,11.3681995
522784,emilia romagna,Via S.Matteo 55  42020 San Polo d'Enza ( RE ),Edil F.lli Leto snc,44.62577960000001,10.4262981
522887,Veneto senza verona e vicenza,Via Teatro Vecchio 17  31015 Conegliano ( TV ),Bodio H srl,45.888254,12.2985116
522919,emilia romagna,Via Pisacane  40026 Imola ( BO ),Decostile; In Casa RE srl; SX srl; TBR Costruzioni Generali,44.3477959,11.7257528
522928,emilia romagna,Via Aldo Fochi  43013 Langhirano ( PR ),Chiastra & Pattera Costruzioni srl,44.6162856,10.2627827
523137,PIEMONTE,Via Torre Lavina  10080 Salassa ( TO ),JCS Costruzioni srl,45.3530307,7.6949493
523358,Veneto senza verona e vicenza,Via Moretto da Brescia   35134 Padova ( PD ),Unyon Consorzio Stabile scarl,45.4334827,11.8890065
523550,Veneto senza verona e vicenza,Via Da Vinci  35014 Fontaniva ( PD ),Tiemme Costruzioni Edili SpA,45.6302226,11.759514
523597,PIEMONTE,Via A. Cagna  12069 Santa Vittoria d'Alba ( CN ),Edilmont sas,44.6960346,7.9274258
523747,emilia romagna,Via Risorgimento 25  47841 Cattolica ( RN ),Sartori Costruzioni srl,43.966014,12.7426751
523874,Veneto senza verona e vicenza,P.za Martiri della Libertà 6  35020 Tribano ( PD ),Battistella Costruzioni srl,45.2111481,11.8335549
523909,Veneto senza verona e vicenza,Via Roma 25  35010 Vigodarzere ( PD ),Sicom Srl,45.45227089999999,11.889748
524048,PIEMONTE,C.so Francia 343-345-347  10093 Collegno ( TO ),Fiammengo Federico srl; integrato,45.07179379999999,7.5568594
524175,emilia romagna,Via Campi 213  41125 Modena ( MO ),CGA Costruzioni Generali Appennino srl; Capogruppo ATI,44.6320838,10.9435508
524199,TRENTINO ALTO ADIGE,Via del Garda  38065 Mori ( TN ),Concaverde Costruzioni sas + Otto srl,45.8515949,10.9703634
524337,PIEMONTE,Via Oberdan 10  10093 Collegno ( TO ),VGS Costruzioni; integrato,45.0735644,7.575206400000001
524431,emilia romagna,Via Fornaci 12  40030 Castel di Casio ( BO ),Balestri Srl,44.157584,10.9793094
524455,PIEMONTE,Via Einaudi  12013 Chiusa di Pesio ( CN ),Edil Pro Group,44.3310663,7.6693764
524717,Veneto senza verona e vicenza,Via Mons. Vincenzo Milani  31036 Istrana ( TV ),Marchesin snc,45.6761345,12.1105713
524785,emilia romagna,Via Ricostruzione  29014 Castell'Arquato ( PC ),Quattoli Giacomo Costruzioni Edili srl,44.8530971,9.8720214
524790,PIEMONTE,Via del Padre  10040 Leini ( TO ),Guarnieri Costruzioni Edili sas,45.1913195,7.7130313
524849,PIEMONTE,Fr. San Sicario  10054 Cesana Torinese ( TO ),Che Sole srl,44.9571787,6.8073592
524953,Veneto senza verona e vicenza,Via Cima da Conegliano  31016 Cordignano ( TV ),Impresa Edile Artigiana Fratelli Carlet,45.9443805,12.4231724
525069,TRENTINO ALTO ADIGE,Via A. Raffaelli 3  38060 Volano ( TN ),Edilia srl,45.9196584,11.0633261
525075,TRENTINO ALTO ADIGE,V.le Verona  38123 Trento ( TN ),Edil Nicoletti Costruzioni srl,46.046459,11.1295863
525077,PIEMONTE,Via Antona  28100 Novara ( NO ),Nuova Edil Pernate srl,45.4249149,8.6446938
525186,emilia romagna,Via Zini  41123 Modena ( MO ),Classe Immobiliare srl,44.6627115,10.8878308
525281,Veneto senza verona e vicenza,Via Turchia  35030 Selvazzano Dentro ( PD ),Coeb Costruzioni srl,45.3852811,11.7905623
525291,Veneto senza verona e vicenza,"Via Cardinale Borromeo, 82  35030 Rubano ( PD )",Vega srl,45.4293679,11.8093934
525343,Veneto senza verona e vicenza,Via Draganziolo  35017 Piombino Dese ( PD ),Impresa Edile Tosatto Mauro,45.6041541,11.9924716
525345,Veneto senza verona e vicenza,Via San Leopoldo Mandic  35012 Camposampiero ( PD ),Immobiliare Rialto srl,45.2444178,11.7429146
525391,emilia romagna,Via Piave 1/2-1/3-1/4  40055 Castenaso ( BO ),Residenza Piave srl,44.4985104,11.4246234
525473,PIEMONTE,Via Michelangelo Buonarroti 75  28066 Galliate ( NO ),Airoldi Costruzioni srl,45.4759604,8.6834438
525474,PIEMONTE,Via Luigi Einaudi  12011 Borgo San Dalmazzo ( CN ),Lovera & Aime sas,44.3335692,7.4946596
525748,PIEMONTE,Via Oglianico  10080 Salassa ( TO ),Iso Costruzioni sas,45.3548748,7.6921236
525893,Veneto senza verona e vicenza,Via Monte Civetta  31015 Conegliano ( TV ),Immobiliare Regina srl,45.9010052,12.2856577
525980,PIEMONTE,Via Carducci Giosuè  10030 Rondissone ( TO ),Effepi Costruzioni srl,45.2475175,7.9610149
526149,PIEMONTE,Via F.lli Cairoli  13894 Gaglianico ( BI ),SolHouse snc,45.5353859,8.0876529
526171,emilia romagna,Via Ariosto  42020 Albinea ( RE ),Andria s.coop.rl,44.6044038,10.6373517
526335,PIEMONTE,Stradale Torre Pellice 6  10060 Bricherasio ( TO ),Nota Claudio,44.81866000000001,7.30028
526342,PIEMONTE,Via Tetti Gariglio  10025 Pino Torinese ( TO ),Mecchia Mauro,45.0349654,7.8062618
526451,emilia romagna,Via F.lli Cervi - Via Mattei  40064 Ozzano dell'Emilia ( BO ),Bononia Holding srl,44.4409563,11.4674101
526510,PIEMONTE,C.so Salvemini 25  10137 Torino ( TO ),Capogruppo ATI; G Quadro Impianti srl,45.04432,7.625677
526592,emilia romagna,Via Alpini d'Italia  40036 Monzuno ( BO ),Ingegneria & Costruzioni srl; assegnato,44.2785198,11.2734551
526625,PIEMONTE,Via Sant'Antonio  28845 Domodossola ( VB ),Palissandro Marmi srl,46.1224009,8.2900389
526635,PIEMONTE,Via Sempione  28040 Varallo Pombia ( NO ),RGM di Raso Rosario & C sas,45.6654164,8.6259821
526737,Veneto senza verona e vicenza,Via Caduti di Nassyria snc  35035 Mestrino ( PD ),Costruzioni Zanta Silvano Srl,45.4367638,11.764255
526749,TRENTINO ALTO ADIGE,Via Marconi  39055 Laives ( BZ ),Dalle Nogare Costruzioni srl,46.4242813,11.3314851
526753,TRENTINO ALTO ADIGE,Via della Palade 55  39012 Merano ( BZ ),Dalle Nogare Costruzioni srl,46.659748,11.1558954
526775,Veneto senza verona e vicenza,Via Comugne  30020 Pramaggiore ( VE ),Galli srl,45.8003307,12.7468054
526829,PIEMONTE,Via Provinciale 9  15060 Voltaggio ( AL ),CSG Costruzioni srl,44.6149957,8.844678499999999
526893,emilia romagna,Via Forlì  40018 San Pietro in Casale ( BO ),SEI Sistemi Edili Integrati srl,44.6993844,11.408515
526998,TRENTINO ALTO ADIGE,Via Generale Giacomo Medici 40  38123 Trento ( TN ),Costruzioni Angelini srl,46.0521308,11.1231042
527082,emilia romagna,Via Frattini  41053 Maranello ( MO ),Progetto Edile srl,44.5323597,10.8966423
527249,emilia romagna,Via Orione  47923 Rimini ( RN ),Genius srl,44.0539434,12.5631793
527465,TRENTINO ALTO ADIGE,Via San Nicolò  38037 Predazzo ( TN ),Impresa Costruzioni Tollot srl,46.3094057,11.6003675
527815,Veneto senza verona e vicenza,Via Milano  35020 Albignasego ( PD ),Immobiliare Barison Srl,45.3458096,11.8721954
527825,Veneto senza verona e vicenza,Via Orlandini 10  35131 Padova ( PD ),Ruffato Mario srl,45.4166199,11.8966671
527851,Veneto senza verona e vicenza,V.lo Fanio Soligo  31040 Volpago del Montello ( TV ),Martini Costruzioni Generali srl,45.7812966,12.1238488
528103,emilia romagna,via Don Orsi  43013 Langhirano ( PR ),Chiastra & Pattera Costruzioni srl,44.613644,10.2612933
528306,PIEMONTE,C.so Machiavelli  10078 Venaria Reale ( TO ),AREA Costruzioni SpA,45.1198704,7.626746
528372,Veneto senza verona e vicenza,via Pescarotto  35131 Padova ( PD ),CEV SpA,45.4148438,11.8971935
528499,TRENTINO ALTO ADIGE,Via Roma 29  38073 Cavedine ( TN ),Rialty srls,45.9952347,10.9751259
528520,Veneto senza verona e vicenza,Via San Giovanni di Verdara  35020 Padova ( PD ),Rosso srl; integrato,45.4153583,11.8707347
528555,PIEMONTE,Via Gramsci 3 ang. Via C. Colombo  13900 Biella ( BI ),Essegi srl,45.5642559,8.0559524
528603,PIEMONTE,Via Valduggia   28100 Novara ( NO ),Talpo Massimo Costruzioni,45.453086,8.6080424
528688,TRENTINO ALTO ADIGE,Via Fabio Filzi 1  38062 Arco ( TN ),Teoca Costruzioni srl,45.9171548,10.8815056
528704,emilia romagna,via Emilia Ponente 56  40100 Bologna ( BO ),Tecnocem srl,44.5049614,11.3096751
528818,TRENTINO ALTO ADIGE,Via Cerere  38062 Arco ( TN ),Angelini Remo & C srl,45.9130856,10.8702086
528922,Veneto senza verona e vicenza,P.zza Calvi  31015 Conegliano ( TV ),Luma srl,45.8848608,12.2963579
529002,Veneto senza verona e vicenza,"Via Pietro Caronelli, 28  31015 Conegliano ( TV )",Lavoro srl,45.886057,12.2927579
529055,Veneto senza verona e vicenza,Via Torino  35020 Albignasego ( PD ),CPR srl + LG Costruzioni srl,45.3497754,11.8819131
529152,emilia romagna,via Circonvallazione 6  47838 Riccione ( RN ),Massari Group srl,43.9968934,12.6479424
529262,Veneto senza verona e vicenza,Via Turazza  35128 Padova ( PD ),Ballan Costruzioni srl,45.4078548,11.90821
529270,PIEMONTE,Via Tesoriere   12011 Borgo San Dalmazzo ( CN ),Caselli Massimo Impresa Edile,44.3360964,7.4886522
529540,PIEMONTE,"Via Cesare Battisti, 6  10028 Trofarello ( TO )",Immobiliare Horizon srl,44.9837468,7.7414834
529556,PIEMONTE,Via Archimede  28921 Verbania ( VB ),Costanzo srl,45.9465911,8.5671851
529564,Veneto senza verona e vicenza,via Lancenigo  31100 Treviso ( TV ),Frattin Costruzioni srl,45.6971092,12.2608561
529613,Veneto senza verona e vicenza,v.le Monfenera  31100 Treviso ( TV ),Cecchin srl,45.6707217,12.2346754
529636,TRENTINO ALTO ADIGE,V.le Trento 21  38010 Andalo ( TN ),Edilferretti srl,46.16969599999999,11.0065143
529728,Veneto senza verona e vicenza,Sant'Antonino  31100 Treviso ( TV ),Cecchin srl,45.6669338,12.2430608
529730,PIEMONTE,Via G.Galilei  28062 Cameri ( NO ),Airoldi Costruzioni srl,45.4995801,8.6716221
530034,Veneto senza verona e vicenza,B.go San Gottardo 44  30026 Portogruaro ( VE ),Capogruppo ATI; Castellanimpianti srl,45.7795907,12.8389052
530050,PIEMONTE,via Gentileschi  10044 Pianezza ( TO ),Quintino Costruzioni SpA,45.1128921,7.5506549
530136,emilia romagna,Via Giulio Mattioli  42020 Albinea ( RE ),F&F Costruzioni Generali,44.6047809,10.6362867
530206,emilia romagna,Via Pertini  41042 Fiorano Modenese ( MO ),Arcadia Immobiliare srl,44.5309723,10.8412998
530220,emilia romagna,Via Matteotti 12  40013 Castel Maggiore ( BO ),Cires Società Cooperativa,44.5748347,11.3656729
530550,emilia romagna,Via Caduti di Nassrya  43126 Parma ( PR ),Bucci SpA,44.7821984,10.2999403
530636,PIEMONTE,Torrion Quartara 1  28100 Novara ( NO ),Nuova Edil Pernate srl,45.4182454,8.6146332
530915,PIEMONTE,via Verdi   28075 Grignasco ( NO ),La Torre srl,45.6768814,8.3521766
531244,PIEMONTE,Via del Padre   10040 Leini ( TO ),MC Costruzioni srl,45.1913195,7.7130313
531347,emilia romagna,Via De Andrè  29010 Pontenure ( PC ),Camia Costruzioni srl,44.994085,9.7827163
531415,TRENTINO ALTO ADIGE,loc. Villazzano - salita dei Molini  38123 Trento ( TN ),SEOB srl,46.0479867,11.1463503
531654,emilia romagna,Via Elsa Morante  41053 Maranello ( MO ),Immobiliare Le Querce srl,44.5220991,10.8743849
531826,PIEMONTE,Via Torino 46-48  10055 Condove ( TO ),Costruzioni Sara srl,45.1126278,7.3133723
531877,PIEMONTE,C.so Francia   10093 Collegno ( TO ),FIBE srl,45.0732361,7.5874066
532000,Veneto senza verona e vicenza,Via Spiga 2  32043 Cortina d'Ampezzo ( BL ),Cappellari Costruzioni srl,46.5347433,12.145669
532073,emilia romagna,Via Orsoni  40054 Budrio ( BO ),Molinella Costruzioni srl,44.5325565,11.5369551
532450,PIEMONTE,Via Torino 59   10036 Settimo Torinese ( TO ),PGA Immobiliare srl,45.1323358,7.7566871
532474,emilia romagna,Via Ugo La Malfa  47822 Santarcangelo di Romagna ( RN ),Immobiliare Borgo Spina srl,44.0543759,12.439147
532643,PIEMONTE,C.so 23 Marzo 1849  28100 Novara ( NO ),Airoldi Costruzioni srl,45.4312644,8.637707
532902,PIEMONTE,Via Luigi Antona 3  28100 Novara ( NO ),Nuova Edil Pernate srl + Nuova Edil Pernate srl; assegnato,45.4467749,8.6168696
532904,PIEMONTE,Via Beldì 6  28100 Novara ( NO ),Notarimpresa SpA,45.4461052,8.6061177
532957,PIEMONTE,via tetto crudo  12022 Busca ( CN ),Immobiliare Caligaris sas di carlo Caligaris & C,44.478488,7.5021501
533209,PIEMONTE,Via Belgio   10043 Orbassano ( TO ),ICT srl,45.0118575,7.5444095
533226,TRENTINO ALTO ADIGE,Via Wehrburg  39010 Andriano ( BZ ),Zima Costruzioni srl,46.5213724,11.2294966
533300,PIEMONTE,Via Novara 47  28069 Trecate ( NO ),F.lli Prevja srl,45.4316606,8.727945
533327,Veneto senza verona e vicenza,Via Immacolata di Lourdes  31015 Conegliano ( TV ),Tre srl,45.8983727,12.2924192
533486,TRENTINO ALTO ADIGE,c.da Vicolo Vattaro  38049 Altopiano della Vigolana ( TN ),Impresa Bailoni Marco & C.snc,45.9927553,11.2189663
533667,PIEMONTE,Via Orbassano  10040 Rivalta di Torino ( TO ),DAM sas di Scabin Luigino & C,45.0138169,7.5127669
533810,emilia romagna,via Verdi  47035 Gambettola ( FC ),Gruppo Ritmo srl,44.1200924,12.3332156
533963,PIEMONTE,Via Vigne Vecchie  28100 Novara ( NO ),Edil Pitture srl,45.4559836,8.6685687
534008,TRENTINO ALTO ADIGE,loc. Lagorai  38038 Tesero ( TN ),Conci Costruzioni Srl,46.2808281,11.505513
534158,Veneto senza verona e vicenza,Loc. Via Claudio Rossi  35028 Piove di Sacco ( PD ),Eurocostruzioni srl,45.2901419,12.0275577
534196,Veneto senza verona e vicenza,Via D'Annunzio  35028 Piove di Sacco ( PD ),Beni Immobiliari srl,45.3035289,12.0352019
534235,emilia romagna,V.le della Repubblica   42019 Scandiano ( RE ),Cooperativa Edilizia San Martino; Poldo srl,44.5961361,10.6974956
534239,Veneto senza verona e vicenza,Via Manzoni  35036 Montegrotto Terme ( PD ),Bosco Costruzioni srl,45.3263901,11.7902316
534241,Veneto senza verona e vicenza,Via Sarpi 130  35138 Padova ( PD ),Bosco Costruzioni srl,45.4179278,11.8661518
534242,Veneto senza verona e vicenza,Via Monti 7  35030 Selvazzano Dentro ( PD ),Bosco Costruzioni srl,45.4150499,11.8096818
534381,emilia romagna,Via Basse - Monticelli terme  43022 Montechiarugolo ( PR ),Sercal Costruzioni srl,44.7292565,10.3935586
534558,emilia romagna,Via G. Garibaldi snc  47814 Bellaria-Igea Marina ( RN ),Due Laghi srl,44.1179331,12.4921134
534672,Veneto senza verona e vicenza,Fr. Fiera  31100 Treviso ( TV ),Tesser Costruzioni srl,45.6619779,12.2695878
534724,Veneto senza verona e vicenza,Via Montello 33  31100 Treviso ( TV ),Tesser Costruzioni srl,45.671255,12.2483292
534851,Veneto senza verona e vicenza,via Miacche  35030 Rubano ( PD ),EB Costruzioni srl,45.4262382,11.7937858
535483,Veneto senza verona e vicenza,loc. Mortise  35129 Padova ( PD ),San Lorenzo Invest srl,45.4229999,11.9062735
535601,emilia romagna,via Loreto  47521 Cesena ( FC ),Impresa Edile Medri Renzo & C. snc,44.1092242,12.327577
535705,Veneto senza verona e vicenza,Via San Bortolo  35043 Monselice ( PD ),Battistella Costruzioni srl,45.2150113,11.7594241
535755,emilia romagna,Via Silvio Pellico 6  41042 Fiorano Modenese ( MO ),Edifica srl,44.5395794,10.8128343
535928,emilia romagna,Via Suzzi  48124 Ravenna ( RA ),CMCF Soc. Coop. Muratori Cementisti Faenza,44.4033523,12.1878969
536015,PIEMONTE,Vc. A.Brustio 11  28066 Galliate ( NO ),Airoldi Costruzioni srl,45.4735851,8.6987313
536016,PIEMONTE,Via Serena  10090 Sangano ( TO ),EdilGallo Costruzioni srl,45.0267799,7.4436505
536084,emilia romagna,Via Lord Byron snc  48125 Ravenna ( RA ),Gruppo Ritmo srl,44.3079973,12.343463
536086,emilia romagna,Via Antica Milizia  48121 Ravenna ( RA ),Gruppo Ritmo srl + Gruppo Ritmo srl; assegnato,44.4105409,12.2195399
536388,emilia romagna,Via Virginia Woolf  41053 Maranello ( MO ),Home Immobili srl; assegnato + San Giacomo srl,44.5263024,10.8666834
536434,emilia romagna,Str. Saliceto Panaro  41122 Modena ( MO ),Costruzioni Iris srl,44.6390804,10.9504702
536666,emilia romagna,Via Emilia   40068 San Lazzaro di Savena ( BO ),Bononia Holding srl,44.4711516,11.4096065
536780,PIEMONTE,Via Fra Dolcino  13854 Quaregna Cerreto ( BI ),Barchi Costruzioni srl,45.5694429,8.1655232
536885,PIEMONTE,Via C. Colombo 157  10020 Cavagnolo ( TO ),ARC Antonio Ribaudo Costruzioni srl,45.1534148,8.0510047
537074,emilia romagna,Via Allende 101  47841 Cattolica ( RN ),Rocar Costruzioni srl,43.9574958,12.7311146
537153,emilia romagna,Via delle Americhe  48122 Ravenna ( RA ),Gruppo Ritmo srl,44.4445779,12.2891309
537531,emilia romagna,Via Marangoni  40059 Medicina ( BO ),Next Design Group srl,44.4774299,11.6384994
537627,PIEMONTE,S.P. 589  12030 Manta ( CN ),Tre C Manta srl,44.6157122,7.4882523
537876,Veneto senza verona e vicenza,Loc. Montecchia - v.lo Collodi  35030 Saccolongo ( PD ),ASA Costruzioni Padova srl,45.3904355,11.7624383
538088,PIEMONTE,C.so Francia  10093 Collegno ( TO ),DueB Costruzioni srl,45.0732361,7.5874066
539687,PIEMONTE,via Strera  28047 Oleggio ( NO ),Raso Michele,45.5969335,8.6546948
539779,emilia romagna,Via Ravenna ang. Via Savio   47814 Bellaria-Igea Marina ( RN ),Moma srl,44.1590669,12.4448064
539953,TRENTINO ALTO ADIGE,Via Piccola  38051 Borgo Valsugana ( TN ),Kostruire srl,46.0490627,11.4665551
540114,PIEMONTE,Via Avogadro  13854 Quaregna Cerreto ( BI ),Barchi Costruzioni srl,45.5826658,8.1621373
540140,Veneto senza verona e vicenza,Via Mons. Luigi Antonello   31036 Istrana ( TV ),Immobiliare Stemarc sas,45.680538,12.1032363
540351,Veneto senza verona e vicenza,Via Cassan  35121 Padova ( PD ),Bassetto Costruzioni srl; Pesce Costruzioni srl,45.4094223,11.8801858
541142,PIEMONTE,Via Monviso 11/13  12030 Torre San Giorgio ( CN ),Vema srl,44.7350483,7.52582
541249,emilia romagna,Via Formica (ex c.d.1)   43015 Noceto ( PR ),Rgm New srl,44.8154328,10.1608759
541348,emilia romagna,Via Erberto Carboni  43123 Parma ( PR ),La Torre srl,44.7788223,10.3670603
541513,PIEMONTE,Via Pratonuovo  10040 Leini ( TO ),Grassia Costruzioni srl,45.1917297,7.7034205
541535,PIEMONTE,C.so XXV Aprile  12022 Busca ( CN ),Rosso Enzo e F.lli Costruzioni Edili snc,44.5206547,7.4758796
542206,Veneto senza verona e vicenza,Via Garibaldi  31053 Pieve di Soligo ( TV ),De Biasi Costruzioni snc,45.9014921,12.1716702
542609,emilia romagna,V.le delle Americhe  48122 Ravenna ( RA ),Gruppo Ritmo srl,44.4445779,12.2891309
