Blocco,Ordine,ID Progetto,Indirizzo,Impresa,Tempo cumulato (s)
1,1,186399,ex cartiera Galvani  31029 Vittorio Veneto ( TV ),Luma srl,0
1,2,515804,Via Galilei 72  31029 Vittorio Veneto ( TV ),Presotto Ennio srl; aggiudicato all'impresa segnalata che ha; assegnato,1422
1,3,533327,Via Immacolata di Lourdes  31015 Conegliano ( TV ),Tre srl,3549
1,4,525893,Via Monte Civetta  31015 Conegliano ( TV ),Immobiliare Regina srl,4894
1,5,501719,Via Antonio Carpene'  31015 Conegliano ( TV ),Fim Group srl; assegnato,6379
1,6,528922,P.zza Calvi  31015 Conegliano ( TV ),Luma srl,7813
1,7,529002,"Via Pietro Caronelli, 28  31015 Conegliano ( TV )",Lavoro srl,9082
1,8,491589,Via Stadio 16  31015 Conegliano ( TV ),Golden Art srl,10536
1,9,521801,Via Cacciatori delle Alpi 16  31015 Conegliano ( TV ),Terna Costruzioni srl,12056
1,10,528645,Via S.Salvatore  31058 Susegana ( TV ),Merotto Bau; aggiudicato; assegnato,13738
1,11,540528,Via G. Zappatori   31040 Nervesa della Battaglia ( TV ),Veneto Strutture srl; assegnato,15669
1,12,539047,Via degli Alpini  31040 Nervesa della Battaglia ( TV ),Piergio' Costruzioni Immobiliari srl; assegnato,17054
1,13,527851,V.lo Fanio Soligo  31040 Volpago del Montello ( TV ),Martini Costruzioni Generali srl,18864
1,14,504662,Vc. Palladio  31040 Volpago del Montello ( TV ),Costruzioni Bordignon srl; assegnato,20694
1,15,540140,Via Mons. Luigi Antonello   31036 Istrana ( TV ),Immobiliare Stemarc sas,22603
1,16,524717,Via Mons. Vincenzo Milani  31036 Istrana ( TV ),Marchesin snc,23982
1,17,538473,Via Prati  35010 Trebaseleghe ( PD ),Costruzioni Edili F.Lli Scattolin Di Dino & Luciano; assegnato,26040
1,18,541500,Via Antonio Pacinotti  35010 Trebaseleghe ( PD ),Malvestio Case srl; assegnato,27578
1,19,525343,Via Draganziolo  35017 Piombino Dese ( PD ),Impresa Edile Tosatto Mauro,29299
1,20,542429,Via Castellari  31023 Resana ( TV ),Domus 21 srl; assegnato,30920
1,21,529064,Via Guizze di Rustega  35012 Camposampiero ( PD ),Negrin srl; assegnato,32822
1,22,493574,Via Carlo Goldoni  35010 Massanzago ( PD ),Fam Real Estate; assegnato,34409
1,23,524448,Via della Pieve  35010 Massanzago ( PD ),Gifer srl,35900
1,24,519165,Via Giovan Battista Rossi  30033 Noale ( VE ),Pesce Costruzioni srl; assegnato,37496
1,25,521195,Via Bianchi  31021 Mogliano Veneto ( TV ),Finmac srl,40006
1,26,464989,Via Tinto  30174 Venezia ( VE ),Suninvest SpA,41811
1,27,500955,Q.re. San Liberale  31100 Treviso ( TV ),Capogruppo ATI; Ecis Global srl; Mini Costruzioni Srl,43710
1,28,534672,Fr. Fiera  31100 Treviso ( TV ),Tesser Costruzioni srl,46221
1,29,529613,v.le Monfenera  31100 Treviso ( TV ),Cecchin srl,47837
1,30,529728,Sant'Antonino  31100 Treviso ( TV ),Cecchin srl,49188
1,31,534724,Via Montello 33  31100 Treviso ( TV ),Tesser Costruzioni srl,50736
1,32,529564,via Lancenigo  31100 Treviso ( TV ),Frattin Costruzioni srl,52340
1,33,522887,Via Teatro Vecchio 17  31015 Conegliano ( TV ),Bodio H srl,55364
1,34,526447,Via XXV Aprile 12  31053 Pieve di Soligo ( TV ),DR3 Costruzioni srl,57824
1,35,542206,Via Garibaldi  31053 Pieve di Soligo ( TV ),De Biasi Costruzioni snc,59188
1,36,524953,Via Cima da Conegliano  31016 Cordignano ( TV ),Impresa Edile Artigiana Fratelli Carlet,62415
1,37,530034,B.go San Gottardo 44  30026 Portogruaro ( VE ),Capogruppo ATI; Castellanimpianti srl,65639
1,38,526775,Via Comugne  30020 Pramaggiore ( VE ),Galli srl,67612
1,39,335871,Via Selva Rosata 79  30021 Caorle ( VE ),Manelli Impresa Spa,71278
1,40,363618,Sestiere Dorsoduro 2209  30123 Venezia ( VE ),Errico Costruzioni srl,75951
1,41,507834,Via Arco di Giano  35129 Padova ( PD ),Industrie Edili SpA,79110
1,42,506193,"Via Giolitti, 1  35129 Padova ( PD )",Consorzio Stabile Artemide; assegnato,80463
1,43,535483,loc. Mortise  35129 Padova ( PD ),San Lorenzo Invest srl,81943
1,44,527825,Via Orlandini 10  35131 Padova ( PD ),Ruffato Mario srl,83477
1,45,528372,via Pescarotto  35131 Padova ( PD ),CEV SpA,84716
1,46,469010,Via Valeri  35131 Padova ( PD ),Consorzio Stabile Pedron Costruzioni Generali; assegnato,86148
1,47,534241,Via Sarpi 130  35138 Padova ( PD ),Bosco Costruzioni srl,87704
1,48,528520,Via San Giovanni di Verdara  35020 Padova ( PD ),Rosso srl; integrato,89188
1,49,371374,Via del Giglio  35100 Padova ( PD ),San Lorenzo Invest srl,90978
1,50,443862,Via T.Aspetti 259  35134 Padova ( PD ),Cons. Stabile Conpat scarl; GeDi Group SpA; Taddei Spa,92388
1,51,525939,Via Cardinal Callegari 5  35137 Padova ( PD ),Padoan Costruzioni Generali srl,93691
1,52,523358,Via Moretto da Brescia   35134 Padova ( PD ),Unyon Consorzio Stabile scarl,95189
1,53,523359,Via Duprè 24  35134 Padova ( PD ),FM Costruzioni srl,96520
1,54,523909,Via Roma 25  35010 Vigodarzere ( PD ),Sicom Srl,98103
1,55,514439,fr. Mejaniga  35010 Cadoneghe ( PD ),Furlan Costruzioni srl,99448
1,56,529262,Via Turazza  35128 Padova ( PD ),Ballan Costruzioni srl,101304
1,57,540351,Via Cassan  35121 Padova ( PD ),Bassetto Costruzioni srl; Pesce Costruzioni srl,102965
1,58,519031,Via degli Zabarella  35121 Padova ( PD ),Carron SpA,104774
1,59,293853,Loc.Riviera Paleocapa  35141 Padova ( PD ),ArCo Lavori s.coop.consortile; GeDi Group SpA; VF Costruzioni e Restauri Srl; assegnato; integrato; integrato aggiudicato al Consorzio,106904
1,60,540718,Via Armando Diaz 65  35031 Abano Terme ( PD ),Domus Factory srl; assegnato,108831
1,61,509372,Via Armando Diaz 62  35031 Abano Terme ( PD ),Frizzarin Carlo srl,110105
1,62,532198,via Platone snc  35036 Montegrotto Terme ( PD ),Suninvest SpA,111759
1,63,539168,Vc. Rialto  35036 Montegrotto Terme ( PD ),Bazza Real Estate srl; assegnato,113342
1,64,534239,Via Manzoni  35036 Montegrotto Terme ( PD ),Bosco Costruzioni srl,114620
1,65,509281,Via Manzoni   35020 Albignasego ( PD ),Aquarius Immobiliare srl,116489
1,66,527815,Via Milano  35020 Albignasego ( PD ),Immobiliare Barison Srl,117937
1,67,529055,Via Torino  35020 Albignasego ( PD ),CPR srl + LG Costruzioni srl,119254
1,68,534138,Via M. Callas  35020 Albignasego ( PD ),Immobiliare San Bonaventura srl; assegnato,120702
1,69,534139,Via Callas  35020 Albignasego ( PD ),Edilbaraldo srl,121902
1,70,511389,Via Risorgimento  35020 Albignasego ( PD ),New Costruzioni srl,123192
1,71,525279,Via E. A. Mario ang. Via San Giorgio  35020 Albignasego ( PD ),BME immobiliare srl; assegnato,124686
1,72,480474,Via Pizzamano 34  35127 Padova ( PD ),IPS Srl,126571
1,73,538242,Via Martiri di Cefalonia  35020 Albignasego ( PD ),Terranova srl; assegnato,128151
1,74,488911,Via San Francesco  35020 Ponte San Nicolò ( PD ),Scapin Costruzioni srl,129401
1,75,542089,Via Pertini   35020 Legnaro ( PD ),Sabegi srl; assegnato,130995
1,76,539575,Via Giuseppe Caron  35020 Sant'Angelo di Piove di Sacco ( PD ),Evelin Costruzioni; assegnato,132391
1,77,534196,Via D'Annunzio  35028 Piove di Sacco ( PD ),Beni Immobiliari srl,134057
1,78,505109,Via San Francesco  35028 Piove di Sacco ( PD ),Lasa F.lli Nata srl,135543
1,79,534158,Loc. Via Claudio Rossi  35028 Piove di Sacco ( PD ),Eurocostruzioni srl,137115
1,80,521922,V.lo G. Visentin  35020 Albignasego ( PD ),Valverde Imm.re srl,139016
1,81,459540,Via Cavour  35020 Ponte San Nicolò ( PD ),Galiazzo Fratelli Costruzioni srl,141045
1,82,525281,Via Turchia  35030 Selvazzano Dentro ( PD ),Coeb Costruzioni srl,143252
1,83,537876,Loc. Montecchia - v.lo Collodi  35030 Saccolongo ( PD ),ASA Costruzioni Padova srl,144813
1,84,527864,Via Molini  35030 Saccolongo ( PD ),Fm srls,146417
1,85,526737,Via Caduti di Nassyria snc  35035 Mestrino ( PD ),Costruzioni Zanta Silvano Srl,147992
1,86,540922,Via Caduti di Nassyria   35035 Mestrino ( PD ),Costruzioni Mestrino srl; assegnato,149192
1,87,534851,via Miacche  35030 Rubano ( PD ),EB Costruzioni srl,150703
1,88,510093,Via De Gasperi  35030 Rubano ( PD ),Tiemme Costruzioni Edili SpA,151994
1,89,529059,Via Sandro Pertini 9  35030 Rubano ( PD ),Costruzioni Gamma 4 srl; assegnato,153426
1,90,525291,"Via Cardinale Borromeo, 82  35030 Rubano ( PD )",Vega srl,154661
1,91,521926,Via Dante  35030 Selvazzano Dentro ( PD ),Cedri Immobiliare srl,156116
1,92,534242,Via Monti 7  35030 Selvazzano Dentro ( PD ),Bosco Costruzioni srl,157442
1,93,525345,Via San Leopoldo Mandic  35012 Camposampiero ( PD ),Immobiliare Rialto srl,160430
1,94,533675,Via Castello 6  35032 Arquà Petrarca ( PD ),Edilcromo Srl; aggiudicato all'impresa segnalata che ha offerto il ribasso del; assegnato,162086
1,95,535705,Via San Bortolo  35043 Monselice ( PD ),Battistella Costruzioni srl,164050
1,96,523874,P.za Martiri della Libertà 6  35020 Tribano ( PD ),Battistella Costruzioni srl,165748
1,97,536733,via Borgofuro snc  35042 Este ( PD ),Tecnocostruzioni  Group; assegnato,167901
1,98,534204,Via Udine 8  35042 Este ( PD ),Tognetto srl; aggiudicato all'impresa segnalata che ha offerto; assegnato,169219
1,99,486094,Via Chiesa Prà 53  35042 Este ( PD ),Atheste Costruzioni srl; aggiudicato all'impresa segnalata che ha offerto il ribasso del 6%.; assegnato,170617
1,100,486107,Via San Girolamo  35042 Este ( PD ),Ruffato Mario srl; aggiudicato all'impresa segnalata che ha offerto il; assegnato,172212
1,101,519033,Via Oroboni  45100 Rovigo ( RO ),Consorzio Innova Società Cooperativa,175234
1,102,503994,Via W. Ferrari 30  45100 Rovigo ( RO ),Milan Luigi srl,176599
1,103,503993,Via Scarlatti 2  45100 Rovigo ( RO ),Barzon Costruzioni Generali; aggiudicato; assegnato,177983
1,104,519032,Via Oroboni 6  45100 Rovigo ( RO ),ITEC srl Costruzioni Generali,179619
1,105,500059,Via della Pace  45010 Villadose ( RO ),Edilcos Costruzioni srl,181606
1,106,478145,Via Cavour  30014 Cavarzere ( VE ),Capogruppo ATI; Erre Costruzioni srl; Sogedico srl; integrato; integrato aggiudicato alle imprese segnalate riunite in ATI.,184438
1,107,536695,Via Papa Giovanni XXIII 67  30015 Chioggia ( VE ),Rossi Mauro srl; assegnato,186808
1,108,523433,"Via Luigi Savoia, 5-7  45014 Porto Viro ( RO )",Panizzo srl,189285
1,109,496384,Via Sacco e Vanzetti  44021 Codigoro ( FE ),Cires Società Cooperativa; Consorzio Integra Società Cooperativa; Seep Bo srl,192379
1,110,496932,Via Rodolfo Morandi 1  44023 Lagosanto ( FE ),P & C Costruzioni srl; Rico Costruzioni srl; integrato,194408
1,111,527636,Via della Fontana  44022 Comacchio ( FE ),Classe A srl,196266
1,112,493748,Via Risorgimento  44022 Comacchio ( FE ),Alco Costruzioni srl,197892
1,113,493747,Via Tine  44022 Comacchio ( FE ),Cires Società Cooperativa; Consorzio Integra Società Cooperativa; Seep Bo srl; assegnato,199389
1,114,516711,via Abeti 22  44022 Comacchio ( FE ),Albieri srl,201212
1,115,496942,Via Lorenzini 1  44020 Ostellato ( FE ),Medil srl Costruzioni Generali,204091
1,116,499108,Via San Leo 10  44019 Voghiera ( FE ),Medil srl Costruzioni Generali; assegnato,205884
1,117,496946,Via Roma 39  44015 Portomaggiore ( FE ),Alco Costruzioni srl,207785
1,118,506187,P.za Adamo Boari  44124 Ferrara ( FE ),Geo Costruzioni srl; assegnato; integrato aggiudicato,209824
1,119,536106,via Sgarbata 1  44124 Ferrara ( FE ),Oceania Immobiliare sas di Braccio Giuseppe; assegnato,211811
1,120,510854,Loc. Uccellino  44124 Ferrara ( FE ),Arco srl; assegnato; integrato; integrato aggiudicato all'impresa segnalata che ha indicato i,213228
1,121,534561,Via Beethoven  44124 Ferrara ( FE ),Consorzio Nazionale Coop.Produzione Lavoro Ciro; assegnato,214816
1,122,510855,Via Verga 62  44124 Ferrara ( FE ),Rico Costruzioni srl; integrato; integrato aggiudicato all'impresa segnalata che ha indicato i,216072
1,123,519055,Via Bologna  44122 Ferrara ( FE ),Impresa Costruzioni Ing. Enrico Pasqualucci srl; assegnato; integrato; integrato aggiudicato all'impresa,217500
1,124,515418,Via Spadari  44121 Ferrara ( FE ),Costruzioni Borelli,219236
1,125,337356,Via Copparo  44123 Ferrara ( FE ),Bruni Costruzioni; assegnato,221031
1,126,497722,Via Nenni 41  44028 Poggio Renatico ( FE ),Medil srl Costruzioni Generali; integrato,223696
1,127,496671,Via Verga 2  44047 Terre del Reno ( FE ),Medil srl Costruzioni Generali,225508
1,128,522148,Via Larga  44042 Cento ( FE ),LUVA srl,227754
1,129,512015,via Col di Lana  44042 Cento ( FE ),Tassi Group Holding srl,229266
1,130,542242,Via Scarlatti   44042 Cento ( FE ),Edilsamos srl; assegnato,230938
1,131,461433,Via C. Breveglieri 2/2  44042 Cento ( FE ),Attiva Costruzioni srl; Cires Società Cooperativa; Consorzio Integra Società Cooperativa,232528
1,132,503806,Via Gandolfi  40050 Castello d'Argile ( BO ),Merighi srl,234620
1,133,538747,Via Rita Levi Montalcini 25  40016 San Giorgio di Piano ( BO ),Lacchei Impresa Edile; assegnato,236478
1,134,522684,Via Pietro Mennea 1/3  40016 San Giorgio di Piano ( BO ),Schibuola Costruzioni srl,237800
1,135,526893,Via Forlì  40018 San Pietro in Casale ( BO ),SEI Sistemi Edili Integrati srl,239640
1,136,535463,Via Matteotti  40018 San Pietro in Casale ( BO ),MA Costruzioni Impianti srl; assegnato; integrato; integrato aggiudicato all'impresa segnalata. Progetto esecutivo,241035
1,137,513949,Via S.Marina 35  40010 Bentivoglio ( BO ),Paolucci Costruzioni srl,243393
1,138,530220,Via Matteotti 12  40013 Castel Maggiore ( BO ),Cires Società Cooperativa,245158
1,139,451922,Via della Beverara  40131 Bologna ( BO ),ITI Impresa Generale SpA; aggiudicato all'impresa segnalata che ha; assegnato,247119
1,140,517610,via Terracini  40131 Bologna ( BO ),Gruppo Dipierri SpA,248570
1,141,274886,Via Ponente  40133 Bologna ( BO ),Impresa Percassi SpA,250092
1,142,528704,via Emilia Ponente 56  40100 Bologna ( BO ),Tecnocem srl,251553
1,143,536007,Via XX Settembre 31  40033 Casalecchio di Reno ( BO ),Tecnocem srl; assegnato,253207
1,144,519052,Via Alessandro Manzoni  40012 Calderara di Reno ( BO ),Industrie Edili SpA,254759
1,145,484759,Fr. Borgonuovo  40037 Sasso Marconi ( BO ),Capogruppo ATI; Consorzio Stabile Costruendo srl; assegnato; integrato aggiudicato alle imprese segnalate riunite in,256488
2,1,495412,Via Lama di Reno 30  40043 Marzabotto ( BO ),Balestri Srl; Effe-Gi Impianti Srl,0
2,2,540562,Via Lama di Reno  40043 Marzabotto ( BO ),Balestri Srl; assegnato,1308
2,3,518963,Via Nazionale 86  40038 Vergato ( BO ),IOLA Costruzioni srl,3497
2,4,519182,Loc. Ponte Palagio  40030 Grizzana Morandi ( BO ),Balestri Srl; Bernardi Sergio Srl; Capogruppo ATI; Tovoli Primo Srl,5378
2,5,524431,Via Fornaci 12  40030 Castel di Casio ( BO ),Balestri Srl,7277
2,6,525023,P.za Kennedy 6  40032 Camugnano ( BO ),Capogruppo ATI; Consorzio Stabile RCR; assegnato,10244
2,7,526592,Via Alpini d'Italia  40036 Monzuno ( BO ),Ingegneria & Costruzioni srl; assegnato,14069
2,8,510689,Navile  40122 Bologna ( BO ),G&G srl,17780
2,9,523990,Q.re. Navile  40126 Bologna ( BO ),Manelli Impresa Spa; assegnato,19302
2,10,533516,Via Sabotino 11-12  40131 Bologna ( BO ),RH Builder SpA; assegnato,21402
2,11,530862,Loc. Borgatella  40068 San Lazzaro di Savena ( BO ),Arcobaleno 2 SpA; assegnato,23828
2,12,536666,Via Emilia   40068 San Lazzaro di Savena ( BO ),Bononia Holding srl,25380
2,13,517541,Via Speranza  40068 San Lazzaro di Savena ( BO ),Gruppo Dipierri SpA,26706
2,14,533768,V.le Lenin 14/2-14/3  40139 Bologna ( BO ),Cooperativa Edificatrice Dozza; assegnato,28342
2,15,525391,Via Piave 1/2-1/3-1/4  40055 Castenaso ( BO ),Residenza Piave srl,30006
2,16,506787,Via Alda Merini 2   40055 Castenaso ( BO ),Abitare Villanova srl,31639
2,17,541704,Via V. Bellini  40054 Budrio ( BO ),Impresa Edile Calori,33346
2,18,541707,Via Berlinguer   40054 Budrio ( BO ),Smat Due di Massimo Tassinari & C. srl; assegnato,34807
2,19,532074,Via Berlinguer  40054 Budrio ( BO ),Impresa Zanardi srl,36007
2,20,532073,Via Orsoni  40054 Budrio ( BO ),Molinella Costruzioni srl,37247
2,21,541709,Via B. Orsoni   40054 Budrio ( BO ),Budrio Due Costruzioni srl; assegnato,38447
2,22,537531,Via Marangoni  40059 Medicina ( BO ),Next Design Group srl,40502
2,23,510814,Via Colombarina 2/b  40024 Castel San Pietro Terme ( BO ),Morelli 19 srl; assegnato,42483
2,24,515182,Via Collodi 3  40024 Castel San Pietro Terme ( BO ),Romagnoli Costruzioni Edili srl,44246
2,25,453271,Via Emilia  40064 Ozzano dell'Emilia ( BO ),Futura Costruzioni srl,45925
2,26,533214,C.so Garibaldi - Via Mazzini  40064 Ozzano dell'Emilia ( BO ),Beta srl; assegnato,47232
2,27,526451,Via F.lli Cervi - Via Mattei  40064 Ozzano dell'Emilia ( BO ),Bononia Holding srl,48602
2,28,491290,Via Puccini  40026 Imola ( BO ),Mucini Srl di Mucini Gianfranco,51687
2,29,537532,via Marangoni snc  40059 Medicina ( BO ),Agalmata srl,53159
2,30,522205,Via Ariosto snc  40026 Imola ( BO ),SOGEI srl,54540
2,31,522919,Via Pisacane  40026 Imola ( BO ),Decostile; In Casa RE srl; SX srl; TBR Costruzioni Generali,55929
2,32,535949,via Campanella   40026 Imola ( BO ),Studio Qualità Immobiliare srl; assegnato,57399
2,33,537161,Via Tellarini 79/3  48022 Lugo ( RA ),Ingegneria Emiliana; aggiudicato all'impresa segnalata che ha offerto il ribasso del 8%.; assegnato,59986
2,34,449737,Via dell'Agricoltura  48123 Ravenna ( RA ),Epi srl; assegnato,62588
2,35,532462,Via Narsete  48123 Ravenna ( RA ),Albero Casa srl; assegnato,63983
2,36,409306,p.le Farini 21  48121 Ravenna ( RA ),CEAR Consorzio Edili Artigiani Ravenna Soc.; Safer srl; Stylcasa srl,65493
2,37,536086,Via Antica Milizia  48121 Ravenna ( RA ),Gruppo Ritmo srl + Gruppo Ritmo srl; assegnato,67158
2,38,528228,via Cartesio  48121 Ravenna ( RA ),Snoopy Casa s.coop.rl; assegnato,68590
2,39,535928,Via Suzzi  48124 Ravenna ( RA ),CMCF Soc. Coop. Muratori Cementisti Faenza,70067
2,40,537153,Via delle Americhe  48122 Ravenna ( RA ),Gruppo Ritmo srl,72138
2,41,542609,V.le delle Americhe  48122 Ravenna ( RA ),Gruppo Ritmo srl,73338
2,42,495495,V.le Amerigo Vespucci  48125 Ravenna ( RA ),Galileo srl,75978
2,43,536083,Via Solarolo snc  48125 Ravenna ( RA ),Gruppo Ritmo srl,77327
2,44,536084,Via Lord Byron snc  48125 Ravenna ( RA ),Gruppo Ritmo srl,78646
2,45,512649,Loc. Milano Marittima  48015 Cervia ( RA ),Gruppo Ritmo srl,80379
2,46,518880,Via Saffi 110/A  47042 Cesenatico ( FC ),Ambroedil di Ambrosio Antonio; B Impianti Elettrici srls; Consorzio CAIEC soc coop arl; assegnato,82481
2,47,532124,Via Savio snc  47814 Bellaria-Igea Marina ( RN ),Pompili Daniele,84050
2,48,539779,Via Ravenna ang. Via Savio   47814 Bellaria-Igea Marina ( RN ),Moma srl,85250
2,49,534750,Via Balbi 10  47814 Bellaria-Igea Marina ( RN ),Ab Carpentier srl,86649
2,50,518049,Via Caduti per la libertà 16  47814 Bellaria-Igea Marina ( RN ),Tosi Immobiliare,88092
2,51,534558,Via G. Garibaldi snc  47814 Bellaria-Igea Marina ( RN ),Due Laghi srl,89721
2,52,532428,Via Foglino snc   47922 Rimini ( RN ),Nuova Vittoria Soc. Coop.; assegnato,91221
2,53,540100,Via Pasquale Tosi  47822 Santarcangelo di Romagna ( RN ),Bolognesi Vittorio & C. sas; assegnato,92899
2,54,490196,Via Europa  47822 Santarcangelo di Romagna ( RN ),FLP Costruzioni srl,94347
2,55,497418,Via Celletta dell'Olio  47822 Santarcangelo di Romagna ( RN ),Dolci Ezio,95714
2,56,502674,Via Celletta dell’Olio 649  47822 Santarcangelo di Romagna ( RN ),EnCam Srl,96935
2,57,532474,Via Ugo La Malfa  47822 Santarcangelo di Romagna ( RN ),Immobiliare Borgo Spina srl,98308
2,58,455789,Via Costa 106  47822 Santarcangelo di Romagna ( RN ),Zanon Prefabbricati,99823
2,59,523110,via Del Sole  47030 San Mauro Pascoli ( FC ),Le Case di Foschi,101632
2,60,515185,P.zza Togliatti  47035 Gambettola ( FC ),Impresa Edile Medri Renzo & C. snc,103593
2,61,535601,via Loreto  47521 Cesena ( FC ),Impresa Edile Medri Renzo & C. snc,104968
2,62,533810,via Verdi  47035 Gambettola ( FC ),Gruppo Ritmo srl,106452
2,63,533811,Via Emilia Ponente snc  47522 Cesena ( FC ),CRCS Cooperativa Restauri Costruzioni e Servizi; assegnato,108550
2,64,540191,Via Santa Croce  47032 Bertinoro ( FC ),Antonelli Edilizia srl; assegnato,110094
2,65,522326,Via della Repubblica  47034 Forlimpopoli ( FC ),Gazzoni srl,111695
2,66,481673,Via Brando Brandi  47121 Forlì ( FC ),Olivucci Enea Srl,113681
2,67,510751,Via Ca' Rossa  47121 Forlì ( FC ),Valbonetti Costruzioni srl,115243
2,68,505048,Via Autoparco  47122 Forlì ( FC ),CSC Costruzioni srl; Capogruppo ATI; Minicucci Cairo Srl,117010
2,69,532425,Via Maroncelli 40  47121 Forlì ( FC ),Immobiliare Maroncelli srl; assegnato,118626
2,70,512017,Via Cornacchia  48018 Faenza ( RA ),Immobiliare Due Fonti srl,121480
2,71,496560,Via Tisi 4  44011 Argenta ( FE ),Cires Società Cooperativa; Consorzio Integra Società Cooperativa; Seep Bo srl,125844
2,72,496930,Via Vittorio Emanuele II 20/ a-b  44027 Fiscaglia ( FE ),GC Appalti srl; assegnato; integrato,129167
2,73,479028,Via P. Togliatti  40050 Monte San Pietro ( BO ),Ter Costruzioni srl,129167
2,74,528313,Loc. Savigno  40053 Valsamoggia ( BO ),Sogei srl,131484
2,75,507710,Via Ca' Bianca  41057 Spilamberto ( MO ),Costruire Bio,134496
2,76,538456,via Papa Giovanni Paolo II  41018 San Cesario sul Panaro ( MO ),Bibiemme Srls; assegnato + RT Costruzioni; assegnato,136320
2,77,542770,Via Papa Giovanni Paolo II   41018 San Cesario sul Panaro ( MO ),Ghirlandina Buildings srl; assegnato,137520
2,78,490161,Via Zanasi 60  41013 Castelfranco Emilia ( MO ),Capogruppo ATI; Mei Tecnologie e Costruzioni srl,139185
2,79,517297,Via Mavora  40019 Sant'Agata Bolognese ( BO ),Scandia Costruzioni srl,141237
2,80,539940,Loc. Mavora  40019 Sant'Agata Bolognese ( BO ),Scandia Costruzioni srl; assegnato,142437
2,81,495903,Via Saragat  40019 Sant'Agata Bolognese ( BO ),Edilcraft srl,143832
2,82,539164,Via del Papa  40014 Crevalcore ( BO ),Impresa Edile Monfredini di Monfredini Geom. Carlo; assegnato,145700
2,83,535656,via Neri  41032 Cavezzo ( MO ),Edili Benatti snc; assegnato,148221
2,84,490467,Via Grandi 195  41019 Soliera ( MO ),ArCo Lavori s.coop.consortile; VF Costruzioni e Restauri srl,150524
2,85,532203,Via Molinari 33  41012 Carpi ( MO ),La Concordia Costruzioni srl; assegnato,152622
2,86,494465,Via Mar Nero  41012 Carpi ( MO ),Garc SpA; assegnato,154304
2,87,538460,Via Cavour 51  42017 Novellara ( RE ),DM Costruzioni srl; assegnato,156713
2,88,522788,Via Boiardi - Via V. Emanuele II  42048 Rubiera ( RE ),Samoter del geom.Munno Antonio; aggiudicato all'impresa segnalata che ha; assegnato,159109
2,89,526283,Via Marmirolo 24  42019 Scandiano ( RE ),ICOED srl Unipersonale; aggiudicato all'impresa segnalata che ha; assegnato,160867
2,90,534235,V.le della Repubblica   42019 Scandiano ( RE ),Cooperativa Edilizia San Martino; Poldo srl,162544
2,91,526171,Via Ariosto  42020 Albinea ( RE ),Andria s.coop.rl,164228
2,92,530136,Via Giulio Mattioli  42020 Albinea ( RE ),F&F Costruzioni Generali,165503
2,93,529755,Via Vittorio Emanuele II  42020 Albinea ( RE ),Edilbelli srl,167151
2,94,509232,Via Dalmazia 85  42124 Reggio nell'Emilia ( RE ),R.Z. srl; assegnato,169267
2,95,529681,Via Maria Montessori  42049 Sant'Ilario d'Enza ( RE ),FraLuRo Costruzioni Generali Srl,171867
2,96,541345,Strada Budellungo   43123 Parma ( PR ),DB Consulting srl; assegnato,173798
2,97,541348,Via Erberto Carboni  43123 Parma ( PR ),La Torre srl,175101
2,98,502432,Via Budellungo Est  43123 Parma ( PR ),Immobiliare Farnese srl,176475
2,99,541337,Via Budellungo Est   43123 Parma ( PR ),DB Consulting srl; assegnato,177675
2,100,524246,Via Malaspina 38  43123 Parma ( PR ),Impresa ing.Marchesini srl,179104
2,101,520085,via Cassio Parmense  43123 Parma ( PR ),Impresa ing.Marchesini srl,180370
2,102,498898,Via del Garda 8  43123 Parma ( PR ),Cams Servizi Edili srl; Capogruppo ATI,181884
2,103,538869,via Emilia Ovest  43126 Parma ( PR ),Fa 10 Srl; assegnato,183567
2,104,530550,Via Caduti di Nassrya  43126 Parma ( PR ),Bucci SpA,185075
2,105,498895,Via B.go San Giuseppe 32  43125 Parma ( PR ),Cams Servizi Edili srl; Capogruppo ATI; F.lli B System Srl,186694
2,106,502430,Str. del Lazzaretto  43123 Parma ( PR ),Buozzi & C. Costruzioni srl,188626
2,107,534381,Via Basse - Monticelli terme  43022 Montechiarugolo ( PR ),Sercal Costruzioni srl,190268
2,108,542719,Via Andrea Borri   43022 Montechiarugolo ( PR ),Arcadue Immobiliare srl; assegnato,191660
2,109,533261,Via Schianchi  43022 Montechiarugolo ( PR ),Nous costruzioni srl,193039
2,110,519418,via ettore e ugo gennari  43124 Parma ( PR ),Costruzioni Ferrari Sgavetti srl,195334
2,111,532132,Via Piccoli  43038 Sala Baganza ( PR ),Immobiliare Malatesta srl + Immobiliare Malatesta srl; assegnato,197521
2,112,476035,Loc. Castelguelfo  43010 Fontevivo ( PR ),Scaramuzza Fabrizio srl,199832
2,113,499256,via Mirti  43015 Noceto ( PR ),Classe A srl,201167
2,114,541249,Via Formica (ex c.d.1)   43015 Noceto ( PR ),Rgm New srl,202888
2,115,539690,S.P. Coduro 11Q  43036 Fidenza ( PR ),Immobiliare Irene srls; assegnato,204739
2,116,535650,via Ponte Nuovo  43036 Fidenza ( PR ),Edilfidenza Due Coop.s.coop.a rl; assegnato,206134
2,117,532610,Via Trieste 5-7  43036 Fidenza ( PR ),CAMAR Società Cooperativa; F.lli B System Srl; assegnato; integrato,207634
2,118,496599,Via R. Livatino 2  43039 Salsomaggiore Terme ( PR ),Renato Monica srl; integrato,209467
2,119,524785,Via Ricostruzione  29014 Castell'Arquato ( PC ),Quattoli Giacomo Costruzioni Edili srl,212142
2,120,531960,Via Romeo Magnaschi   29013 Carpaneto Piacentino ( PC ),Rossi e Signaroldi Costruzioni srl,214272
2,121,531347,Via De Andrè  29010 Pontenure ( PC ),Camia Costruzioni srl,216252
2,122,541938,Via Mazzoni   29027 Podenzano ( PC ),BSB Edilizia snc di Bonfanti Enrico & C.; assegnato,218132
2,123,479436,PEEP Q.re Farnesiana  29122 Piacenza ( PC ),BeGen Infrastrutture srl,220124
2,124,530260,Via Matteotti 38/40  29020 Gossolengo ( PC ),Man Buildings Srl,221954
2,125,517989,Via del Pereto  29029 Rivergaro ( PC ),Tibulli Costruzioni srl,223941
2,126,500595,Via Card.Maculani  29100 Piacenza ( PC ),Housingest Network Srl,226703
2,127,528205,Via Melchiorre Gioia 1/b  29015 Castel San Giovanni ( PC ),Enenso srl,229274
2,128,531655,Via Alighieri  29011 Borgonovo Val Tidone ( PC ),Innovaty Immobiliare srl; assegnato + Project House srl; assegnato,230952
2,129,513031,Via Prati    29011 Borgonovo Val Tidone ( PC ),Edilvaltidone srl,232294
2,130,532606,Via Mario Zaniboni  43011 Busseto ( PR ),Alpha Costruzioni; assegnato,236764
2,131,522495,Str. Varana snc   43017 San Secondo Parmense ( PR ),Unicrea srls; assegnato,239257
2,132,539786,Strada Varana  43017 San Secondo Parmense ( PR ),BDM Costruzioni di Daracchi srl,240457
2,133,528103,via Don Orsi  43013 Langhirano ( PR ),Chiastra & Pattera Costruzioni srl,244383
2,134,522928,Via Aldo Fochi  43013 Langhirano ( PR ),Chiastra & Pattera Costruzioni srl,245652
2,135,522784,Via S.Matteo 55  42020 San Polo d'Enza ( RE ),Edil F.lli Leto snc,248388
2,136,533556,Via Toscanini  42013 Casalgrande ( RE ),Immobiliare Poggio 70 srl; assegnato,252010
2,137,533809,circonvallazione nord-est snc  41049 Sassuolo ( MO ),Fondamenta Srl; assegnato,253653
2,138,535755,Via Silvio Pellico 6  41042 Fiorano Modenese ( MO ),Edifica srl,255179
2,139,539049,Via Del Commercio 19  41042 Fiorano Modenese ( MO ),ICOED srl Unipersonale; aggiudicato; assegnato,256631
3,1,530206,Via Pertini  41042 Fiorano Modenese ( MO ),Arcadia Immobiliare srl,0
3,2,536388,Via Virginia Woolf  41053 Maranello ( MO ),Home Immobili srl; assegnato + San Giacomo srl,1504
3,3,531654,Via Elsa Morante  41053 Maranello ( MO ),Immobiliare Le Querce srl,2865
3,4,463397,Via Cappella 109  41053 Maranello ( MO ),CME Consorzio Imprenditori Edili s.coop.,4267
3,5,527082,Via Frattini  41053 Maranello ( MO ),Progetto Edile srl,5836
3,6,497909,Via Focherini  41043 Formigine ( MO ),Frascari Ferruccio SpA,7797
3,7,505539,Str. Corletto Sud 237  41123 Modena ( MO ),VF Costruzioni e Restauri srl,9474
3,8,525186,Via Zini  41123 Modena ( MO ),Classe Immobiliare srl,11256
3,9,504244,via Benassi  41122 Modena ( MO ),Morbio Costruzioni SpA,12892
3,10,477671,Via Canaletto  41124 Modena ( MO ),ITI Impresa Generale SpA; assegnato; integrato,14185
3,11,469977,Via Nonantolana 221  41122 Modena ( MO ),ArCo Lavori s.coop.consortile; VF Costruzioni e Restauri Srl + Scientia srl,15583
3,12,536434,Str. Saliceto Panaro  41122 Modena ( MO ),Costruzioni Iris srl,17179
3,13,524175,Via Campi 213  41125 Modena ( MO ),CGA Costruzioni Generali Appennino srl; Capogruppo ATI,18545
3,14,517255,via Moreali 245  41124 Modena ( MO ),Safim srl,19946
3,15,518716,Via Udine  41125 Modena ( MO ),Aspen srl,21470
3,16,454307,Via S.Eufemia 25  41121 Modena ( MO ),AEC Costruzioni srl,23208
3,17,504053,Via Fenuzzi   41049 Sassuolo ( MO ),Acea Costruzioni SpA,26094
3,18,489750,Loc. Quara  42010 Toano ( RE ),Tazzioli e Magnani srl,30360
3,19,534434,Via Spinelli  42016 Guastalla ( RE ),La Pieve Domus; assegnato,30360
3,20,496776,Via Andrea Costa 4  42016 Guastalla ( RE ),Edilpiù di Vaccari Emerenzio & C Snc,31864
3,21,527249,Via Orione  47923 Rimini ( RN ),Genius srl,31864
3,22,520908,via Buonamici - via Gravina  47924 Rimini ( RN ),Mar Bell srl,33655
3,23,521511,V.le Siracusa  47924 Rimini ( RN ),Oasi srl,35176
3,24,521477,Via Marconi 11   47924 Rimini ( RN ),Modulo Costruzioni,36589
3,25,514418,Via Arona 4  47838 Riccione ( RN ),CEAR Consorzio Edili Artigiani Ravenna Soc.; Cavallaro Costruzioni; Impiantistica Di Sabba Lazzaro & C Srl; aggiudicato al Consorzio segnalato che ha; assegnato,38093
3,26,498532,V.le Piemonte  47838 Riccione ( RN ),Sorgente srl,39499
3,27,529152,via Circonvallazione 6  47838 Riccione ( RN ),Massari Group srl,41007
3,28,447227,Via Bergamo  47838 Riccione ( RN ),I Platani srl; integrato aggiudicato all'impresa segnalata che ha indicato i,42363
3,29,526121,Via Nazionale Adriatica 185  47843 Misano Adriatico ( RN ),Planeta srl; assegnato; integrato aggiudicato all'impresa segnalata,43960
3,30,537074,Via Allende 101  47841 Cattolica ( RN ),Rocar Costruzioni srl,45518
3,31,523747,Via Risorgimento 25  47841 Cattolica ( RN ),Sartori Costruzioni srl,47026
3,32,495897,via Belisardi  47833 Morciano di Romagna ( RN ),Immobiliare Valconca snc; SB Gestioni snc; assegnato,49395
3,33,533808,via Trovatelli 14/16  47834 Montefiore Conca ( RN ),Il Casolare srl; assegnato,51179
3,34,464092,Via Montevecchio  47921 Rimini ( RN ),Venturelli Romolo Srl,54344
3,35,463961,Via del Municipio 2  47028 Verghereto ( FC ),Baglioni srl,54344
3,36,520141,Loc. Balze  47028 Verghereto ( FC ),Edil Balze Srl; Lucos srl,56659
3,37,468109,Via Don Lorenzo Milani  35020 Arzergrande ( PD ),Edil Ciemme srl,56659
3,38,541959,Via Sega 3394  35010 San Giorgio in Bosco ( PD ),Mozzo F.lli snc Costruzioni Edili,60606
3,39,407299,via Verdi  35013 Cittadella ( PD ),Tiemme Costruzioni Edili SpA,62440
3,40,525286,B.go Vicenza  35013 Cittadella ( PD ),Martini Costruzioni Edili; assegnato,63720
3,41,523550,Via Da Vinci  35014 Fontaniva ( PD ),Tiemme Costruzioni Edili SpA,65238
3,42,527859,Via Falcone  35010 Carmignano di Brenta ( PD ),Immobiliare Modena Michela,66971
3,43,519130,Via Borgo Nuovo  31017 Pieve del Grappa ( TV ),Immobiliare Edile Marcon; assegnato,70500
3,44,542124,Via Posa 32   31030 Castelcucco ( TV ),Edilcolli snc; assegnato,72220
3,45,539719,Via Santa Lucia   31030 Castelcucco ( TV ),Costruzioni Dalla Libera srl; assegnato,73618
3,46,496253,Via Martiri delle Foibe  32036 Sedico ( BL ),Tena srl,77613
3,47,526503,Via I Maggio 15  32014 Ponte nelle Alpi ( BL ),Edilprealpi srl; assegnato,80222
3,48,539953,Via Piccola  38051 Borgo Valsugana ( TN ),Kostruire srl,80222
3,49,533486,c.da Vicolo Vattaro  38049 Altopiano della Vigolana ( TN ),Impresa Bailoni Marco & C.snc,83038
3,50,504369,Via Salita dei Molini  38123 Trento ( TN ),Rs Iniziative srl,85120
3,51,531415,loc. Villazzano - salita dei Molini  38123 Trento ( TN ),SEOB srl,86360
3,52,525075,V.le Verona  38123 Trento ( TN ),Edil Nicoletti Costruzioni srl,88033
3,53,522631,Via Einaudi 22  38123 Trento ( TN ),Kostruire srl,89409
3,54,526998,Via Generale Giacomo Medici 40  38123 Trento ( TN ),Costruzioni Angelini srl,90724
3,55,504317,Via Filzi 8  38122 Trento ( TN ),Mastropasqua Costruzioni srl,92160
3,56,522112,Via del Travai  38122 Trento ( TN ),Dalbon Costruzioni srl,93613
3,57,414116,Via Piave   38122 Trento ( TN ),Habitat SpA Impresa Costruzioni,95139
3,58,511610,Loc. Canova di Gardolo  38121 Trento ( TN ),Cermis srl; Trento Due srl,96930
3,59,521221,Via Vittime delle Foibe  38122 Trento ( TN ),Enrico Rigotti Costruzioni,98483
3,60,504390,Via delle Tre Croci 52  38121 Trento ( TN ),Franceschini Paolo srl,100245
3,61,479847,Via Carlo Devigili  38017 Mezzolombardo ( TN ),De Vigili Imm.re srl,102400
3,62,523390,Fraz. Mollaro  38012 Predaia ( TN ),Dinamos s.coop.rl; assegnato,104498
3,63,529636,V.le Trento 21  38010 Andalo ( TN ),Edilferretti srl,107299
3,64,520631,Via Pradel  38010 Andalo ( TN ),Casedil srl,108606
3,65,521188,Loc. Romagnano  38123 Trento ( TN ),Carlini Costruzioni; assegnato,112517
3,66,514322,Via delle Piazzole 27  38123 Trento ( TN ),Postal Ivano srl,113795
3,67,525069,Via A. Raffaelli 3  38060 Volano ( TN ),Edilia srl,115921
3,68,504507,Via Maioliche 40  38068 Rovereto ( TN ),Bertolini Ocea Impianti srl; DEGA di Gasperini Miriam & C sas,117694
3,69,524199,Via del Garda  38065 Mori ( TN ),Concaverde Costruzioni sas + Otto srl,119587
3,70,528688,Via Fabio Filzi 1  38062 Arco ( TN ),Teoca Costruzioni srl,122017
3,71,528818,Via Cerere  38062 Arco ( TN ),Angelini Remo & C srl,123424
3,72,528499,Via Roma 29  38073 Cavedine ( TN ),Rialty srls,126015
3,73,527501,Loc. Vezzano  38096 Vallelaghi ( TN ),Armalam srl,127894
3,74,313694,Zona Gansplatzen  39044 Egna ( BZ ),Mak Costruzioni srl,131492
3,75,526749,Via Marconi  39055 Laives ( BZ ),Dalle Nogare Costruzioni srl,133813
3,76,457187,Via Antonio Pacinotti  39100 Bolzano ( BZ ),Habitat SpA Impresa Costruzioni; assegnato,135708
3,77,504521,Via Claudia Augusta 87/89  39100 Bolzano ( BZ ),AP Elettrica snc di Alberto Pecoraro e C.; Capogruppo ATI; Termoidraulica Parotto Vittorino srl,137141
3,78,472222,Via Castel Flavon 5  39100 Bolzano ( BZ ),Dalle Nogare Costruzioni srl,138533
3,79,354036,Via Alto Adige  39100 Bolzano ( BZ ),CMB Coop.Muratori e Braccianti di Carpi srl,140257
3,80,533226,Via Wehrburg  39010 Andriano ( BZ ),Zima Costruzioni srl,142568
3,81,386443,Fr.Settequerce  39018 Terlano ( BZ ),Mastria Costruzioni srl,144201
3,82,526753,Via della Palade 55  39012 Merano ( BZ ),Dalle Nogare Costruzioni srl,146501
3,83,520729,Q.re al Mühlrain  39021 Laces ( BZ ),Bauunternehmen Latsch GmbH,149581
3,84,524889,Via Karmatsch 45  39029 Stelvio ( BZ ),Rainer Bau GmbH,153366
3,85,533775,via Fiemme  38030 Castello-Molina di Fiemme ( TN ),Conci Costruzioni Srl; assegnato,153366
3,86,534008,loc. Lagorai  38038 Tesero ( TN ),Conci Costruzioni Srl,155254
3,87,527465,Via San Nicolò  38037 Predazzo ( TN ),Impresa Costruzioni Tollot srl,157134
3,88,528938,Loc. Pozza di Fassa  38036 San Giovanni di Fassa ( TN ),Volcan Severino e Figli srl,159543
3,89,531426,via Dante 2  15060 Vignole Borbera ( AL ),Cogedil srl; assegnato,159543
3,90,502032,Via Voltaggio   15066 Gavi ( AL ),Vallemme Costruzioni snc; assegnato,161626
3,91,526829,Via Provinciale 9  15060 Voltaggio ( AL ),CSG Costruzioni srl,163465
3,92,536403,C.so Acqui  15121 Alessandria ( AL ),Gruppo La Rocca srl; assegnato,167665
3,93,478537,Via Cordara  14049 Nizza Monferrato ( AT ),Branda srl; assegnato,170674
3,94,526520,St. San Pietro   14049 Nizza Monferrato ( AT ),Lo Presti Costruzioni + Lo Presti Costruzioni; assegnato,172166
3,95,457918,Via Beppe Fenoglio  14053 Canelli ( AT ),Olivieri Costruzioni Generali srl; assegnato,174261
3,96,491816,Via Santa Caterina 25  15011 Acqui Terme ( AL ),Bianchi Costruzioni sas di Bianchi geom Carlo e C,177048
3,97,446522,C.so Bagni  15011 Acqui Terme ( AL ),Costruzioni Imm.re Piemonte srl; assegnato,178379
3,98,422781,Via Nino Bixio  12051 Alba ( CN ),Taricco Costruzioni srl; assegnato,183092
3,99,468342,Str. Profonda  12051 Alba ( CN ),Domus sas,184652
3,100,524547,Via Prandi Vincenzo  12051 Alba ( CN ),Murri Costruzioni srls; assegnato,185963
3,101,537305,Via Pieroni  12051 Alba ( CN ),Masec srl; assegnato,187617
3,102,523597,Via A. Cagna  12069 Santa Vittoria d'Alba ( CN ),Edilmont sas,189867
3,103,539497,Via Giuseppe Verdi  12062 Cherasco ( CN ),Edil LoGa srl; assegnato,191909
3,104,538802,Via Don Giacomo Pessione  12062 Cherasco ( CN ),Aedes sas di Buglione Fiorella & C + Aedes sas di Buglione Fiorella & C; assegnato,193648
3,105,474884,via Don Orione  12042 Bra ( CN ),Mondavi Costruzioni Bra; assegnato,195497
3,106,448261,via don Orione  12042 Bra ( CN ),Mondavi Costruzioni Bra,196697
3,107,489601,Via Botoneri  12062 Cherasco ( CN ),Marengo Costruzioni srl; assegnato,198877
3,108,523594,P.za G. Perotti 42  12061 Carrù ( CN ),Fabrizio Taricco Costruzioni srl; assegnato,201472
3,109,527292,Via Marconi 5  12040 Montanera ( CN ),Casanuova srl; assegnato,203780
3,110,484950,Via Rocca de Baldi 7  12100 Cuneo ( CN ),COIFA srl; Capogruppo ATI,205707
3,111,532455,Loc.Borgo S.Giuseppe  12100 Cuneo ( CN ),Giordano Costruzioni srl; assegnato,207257
3,112,495536,Loc. Area Altipiano  12100 Cuneo ( CN ),Giordano Costruzioni srl,208457
3,113,521207,Via Bongioanni 20  12100 Cuneo ( CN ),Capogruppo ATI; Gruppo ECF SpA,209847
3,114,454717,P.za Europa  12100 Cuneo ( CN ),Barra Costruzioni srl,211241
3,115,519076,Via Madonna del Colletto   12100 Cuneo ( CN ),COIFA srl; Capogruppo ATI,212723
3,116,514360,Via Vecchia di Borgo San Dalmazzo  12100 Cuneo ( CN ),ICEG snc di Gallo Giuseppe & Figli,214040
3,117,417201,Via Vernante  12100 Cuneo ( CN ),Effettotetto snc; assegnato,215428
3,118,495306,V.le degli Angeli 130  12100 Cuneo ( CN ),Artusio Costruzioni srl; assegnato,216987
3,119,525474,Via Luigi Einaudi  12011 Borgo San Dalmazzo ( CN ),Lovera & Aime sas,218707
3,120,505010,Via Luigi Einaudi 26-28  12011 Borgo San Dalmazzo ( CN ),Giuggia Costruzioni srl,219917
3,121,529270,Via Tesoriere   12011 Borgo San Dalmazzo ( CN ),Caselli Massimo Impresa Edile,221279
3,122,514335,Via Roma  12010 Cervasca ( CN ),Effettotetto snc,223006
3,123,484444,Via San Damiano Macra  12100 Cuneo ( CN ),COIFA srl; Romano Costruzioni & C srl - Gruppo Romano,224656
3,124,532957,via tetto crudo  12022 Busca ( CN ),Immobiliare Caligaris sas di carlo Caligaris & C,226668
3,125,541535,C.so XXV Aprile  12022 Busca ( CN ),Rosso Enzo e F.lli Costruzioni Edili snc,228324
3,126,500774,Via Comba Romana  12026 Piasco ( CN ),Rinaudo Costruzioni di Rinaudo Francesco & C snc,230179
3,127,537627,S.P. 589  12030 Manta ( CN ),Tre C Manta srl,232021
3,128,521169,Via Santa Brigida  12030 Manta ( CN ),Ciga Costruzioni srl,233350
3,129,465703,Via S.Maria  12030 Lagnasco ( CN ),Edil Costruzioni srl; assegnato,235034
3,130,490773,St. Becco d'Ania  12038 Savigliano ( CN ),Immobiliare Santarosa srl,236882
3,131,531881,Via Ascanio Sobrero  12038 Savigliano ( CN ),Gorizia 10 srl; assegnato,238270
3,132,541142,Via Monviso 11/13  12030 Torre San Giorgio ( CN ),Vema srl,240451
3,133,410608,Via Principi di Villafranca 4  10068 Villafranca Piemonte ( TO ),Capogruppo ATI; MIT srl,242230
3,134,514086,Via Verrua  10040 Osasio ( TO ),Costruttori Qualificati srl,244565
3,135,535602,Vc. Santa Lucia   10040 Piobesi Torinese ( TO ),ML Costruzioni di Leotta Marco; assegnato,246499
3,136,523399,Via Bistolfi  10040 La Loggia ( TO ),Impredil di Giuliano Giuseppe & C sas; assegnato,248308
4,1,489615,Via S.Maria 78/80/82  10024 Moncalieri ( TO ),Studio Oikos srl,0
4,2,489606,V.le Stazione 3  10024 Moncalieri ( TO ),PaREd srl,1467
4,3,489613,C.so Trieste 41  10024 Moncalieri ( TO ),Consorzio Stabile Energos; Fenix Consorzio Stabile scarl,2871
4,4,510405,Fr. Bauducchi  10024 Moncalieri ( TO ),Casetta Costruzioni srl; assegnato,4655
4,5,529540,"Via Cesare Battisti, 6  10028 Trofarello ( TO )",Immobiliare Horizon srl,6329
4,6,520080,via Sandro Pertini  10023 Chieri ( TO ),Essemme srl,8381
4,7,526342,Via Tetti Gariglio  10025 Pino Torinese ( TO ),Mecchia Mauro,10246
4,8,540499,Str. Fenestrelle  10064 Pinerolo ( TO ),Gruppo Piotto srl; assegnato,12684
4,9,531736,Via Vanchiglia 4-6   10124 Torino ( TO ),Consorzio Nazionale Coop.Produzione Lavoro Ciro; assegnato; integrato; integrato per progettazione esecutiva e,14730
4,10,459429,Via Giuseppe Verdi 9  10124 Torino ( TO ),Alma CIS srl; Capogruppo ATI; Consorzio San Luca srl,16203
4,11,539056,via XX Settembre  10121 Torino ( TO ),Primula Costruzioni srl; assegnato,17645
4,12,474849,Via Langrage 35  10123 Torino ( TO ),Primula Costruzioni srl,19163
4,13,501108,C.so Stati Uniti 21  10128 Torino ( TO ),Primula Costruzioni srl,20867
4,14,446974,via Pisa 38  10152 Torino ( TO ),Perino Piero srl,22796
4,15,474845,Via Pisa 18  10152 Torino ( TO ),Fiammengo Federico srl,24084
4,16,509708,C.so Grosseto 115  10147 Torino ( TO ),Consorzio Stabile Artemide,26009
4,17,501856,Area ex Veglio   10154 Torino ( TO ),Mattioda Pierino & Figli SpA,27628
4,18,525989,Via San Mauro  10036 Settimo Torinese ( TO ),One Way srl; assegnato,29608
4,19,532450,Via Torino 59   10036 Settimo Torinese ( TO ),PGA Immobiliare srl,30966
4,20,505769,Via Peschiera 12  10036 Settimo Torinese ( TO ),Senna Costruzioni srl,32525
4,21,459380,Via Bergamo  10036 Settimo Torinese ( TO ),Bonarrigo Costruzioni srl,34137
4,22,534626,Via Filippo Juvarra  10090 San Raffaele Cimena ( TO ),Bagarello snc + Bagarello snc; assegnato,35988
4,23,518691,Via Vittorio Veneto 8  10040 Leini ( TO ),Stepa srl immobiliare,38039
4,24,531244,Via del Padre   10040 Leini ( TO ),MC Costruzioni srl,39409
4,25,524790,Via del Padre  10040 Leini ( TO ),Guarnieri Costruzioni Edili sas,40609
4,26,541513,Via Pratonuovo  10040 Leini ( TO ),Grassia Costruzioni srl,41987
4,27,541532,V.le Europa 53  10040 Leini ( TO ),Edil Casula srl; assegnato,43474
4,28,528306,C.so Machiavelli  10078 Venaria Reale ( TO ),AREA Costruzioni SpA,45728
4,29,393762,Via Verdi 18  10078 Venaria Reale ( TO ),Cobar SpA + Fiammengo Federico srl; integrato,47172
4,30,388353,Via Bartolomeo Mana  10040 Druento ( TO ),Donizzetti 85 snc; assegnato,48932
4,31,470256,Via Druento  10044 Pianezza ( TO ),Neglia Costruzioni srl,50399
4,32,530050,via Gentileschi  10044 Pianezza ( TO ),Quintino Costruzioni SpA,51761
4,33,499209,Via San Gillio  10044 Pianezza ( TO ),Fanutza Costruzioni srl; Franchino Costruzioni srl; assegnato,53071
4,34,400172,St. Misterletta  10040 Druento ( TO ),Promicasa srl + Promicasa srl; assegnato,54719
4,35,504015,St. Romana  10040 Caselette ( TO ),Impresapiemonte srl,56696
4,36,522260,Via XXV Aprile  10091 Alpignano ( TO ),Beton Scavi srl,58497
4,37,480889,C.so Susa  10098 Rivoli ( TO ),Ortoncelli Costruzioni srl; assegnato,60005
4,38,480772,Via Stazione  10090 Rosta ( TO ),Crisma Costruzioni,61628
4,39,435310,via C.Ramo  10090 Buttigliera Alta ( TO ),MIRO srl Costruzioni Edili,63240
4,40,423819,Via Bacchiasso  10051 Avigliana ( TO ),Vanzetti Costruzioni srl; assegnato,64778
4,41,536016,Via Serena  10090 Sangano ( TO ),EdilGallo Costruzioni srl,66705
4,42,489424,Via Giaveno   10040 Rivalta di Torino ( TO ),Gemina srl,68428
4,43,533667,Via Orbassano  10040 Rivalta di Torino ( TO ),DAM sas di Scabin Luigino & C,69750
4,44,521168,Via Orbassano   10040 Rivalta di Torino ( TO ),DAM sas di Scabin Luigino & C; assegnato,70950
4,45,535114,Via Giuseppe Verdi   10040 Rivalta di Torino ( TO ),Green Life srl; assegnato,72379
4,46,536413,Via Vincenzo Bellini  10040 Rivalta di Torino ( TO ),Green Life srl; assegnato,73615
4,47,463902,Via San Massimo   10040 Rivalta di Torino ( TO ),Morabito Costruzioni; assegnato,74978
4,48,448515,Via N. Bixio 1  10043 Orbassano ( TO ),Martignon Costruzioni di Martignon Gabriele sas; assegnato,76491
4,49,533209,Via Belgio   10043 Orbassano ( TO ),ICT srl,77828
4,50,538301,Fraz. Fornaci  10092 Beinasco ( TO ),Consorzio CIDIS; assegnato,79544
4,51,526510,C.so Salvemini 25  10137 Torino ( TO ),Capogruppo ATI; G Quadro Impianti srl,81209
4,52,478867,Via Cravero 107  10095 Grugliasco ( TO ),Selva Mercurio srl,82954
4,53,469121,Via C.L.N.   10095 Grugliasco ( TO ),Cogeor srl; assegnato,84426
4,54,524048,C.so Francia 343-345-347  10093 Collegno ( TO ),Fiammengo Federico srl; integrato,85883
4,55,524337,Via Oberdan 10  10093 Collegno ( TO ),VGS Costruzioni; integrato,87475
4,56,538088,C.so Francia  10093 Collegno ( TO ),DueB Costruzioni srl,88929
4,57,531877,C.so Francia   10093 Collegno ( TO ),FIBE srl,90129
4,58,402002,C.so Francia 45  10100 Torino ( TO ),Nuova Siet SpA,91612
4,59,500677,Via G. Pacchiotti   10094 Giaveno ( TO ),Macchia srl,93338
4,60,529918,Via Bellardi 29 e C.so Brunelleschi 12-14  10146 Torino ( TO ),La Favorita srl; assegnato,94784
4,61,409086,Via Venezia  10070 Robassomero ( TO ),Intercostruzioni SpA; assegnato,97392
4,62,536882,Via delle Vigne  10070 San Carlo Canavese ( TO ),Abita Costruzioni srl; assegnato,100158
4,63,525748,Via Oglianico  10080 Salassa ( TO ),Iso Costruzioni sas,102326
4,64,523137,Via Torre Lavina  10080 Salassa ( TO ),JCS Costruzioni srl,103610
4,65,541534,Via Don Michele Cavaletto  10086 Rivarolo Canavese ( TO ),JCS Costruzioni srl,105010
4,66,518695,Via Salassa  10086 Rivarolo Canavese ( TO ),Costantino Costruzioni Edili srl,106656
4,67,505156,Via Argentera  10086 Rivarolo Canavese ( TO ),Mautino Armando & C snc,108055
4,68,505766,Loc. Vivario  10081 Castellamonte ( TO ),Artedil snc di Trossello e Cesare & C; assegnato,109932
4,69,534629,Via Montechiaro   10010 Candia Canavese ( TO ),Santina Angiolino & C srl; assegnato,112361
4,70,525980,Via Carducci Giosuè  10030 Rondissone ( TO ),Effepi Costruzioni srl,114605
4,71,538049,Via F. Crispi 4  10038 Verolengo ( TO ),Mulè Rosario & Figli srl; assegnato,116509
4,72,536885,Via C. Colombo 157  10020 Cavagnolo ( TO ),ARC Antonio Ribaudo Costruzioni srl,118556
4,73,531517,Via Filzi  13049 Tronzano Vercellese ( VC ),Marchioro Maurizio Costruzioni Edili,121626
4,74,489767,Via G. Ferraris  13100 Vercelli ( VC ),Notarimpresa SpA,124217
4,75,490142,Via Dante 87-89  13100 Vercelli ( VC ),Notarimpresa SpA,125610
4,76,489197,P.za Alciati 4-11-15  13100 Vercelli ( VC ),Notarimpresa SpA,127183
4,77,515210,Via Vercelli  13012 Borgo Vercelli ( VC ),Vesoli Francesco srl,129012
4,78,518255,Fr. Cameriano  28060 Casalino ( NO ),Edilpiemonte srl; assegnato,130740
4,79,541777,via Giulio Cesare  28100 Novara ( NO ),Capogruppo ATI; TK srl; assegnato,132548
4,80,507738,Via Giuseppe Zanoia 22  28100 Novara ( NO ),FIDES srl,133903
4,81,503391,Via Costantino Perazzi 34  28100 Novara ( NO ),Frola Group Costruzioni,135245
4,82,541854,Via B.Alfieri 6  28100 Novara ( NO ),Nuova Edil Pernate srl; assegnato,136613
4,83,522968,L.go San Martino   28100 Novara ( NO ),EDIL COIM srl,137954
4,84,532904,Via Beldì 6  28100 Novara ( NO ),Notarimpresa SpA,139264
4,85,454879,V.le Dante Alighieri 21  28100 Novara ( NO ),Notarimpresa SpA; assegnato,140661
4,86,477828,Area ex Campo Base TAV  28100 Novara ( NO ),Capogruppo ATI; Dussmann Service Italia,141958
4,87,532902,Via Luigi Antona 3  28100 Novara ( NO ),Nuova Edil Pernate srl + Nuova Edil Pernate srl; assegnato,143158
4,88,477823,Area ex campo base TAV  28100 Novara ( NO ),MIT srl,144358
4,89,500506,Via Buonarroti 18  28100 Novara ( NO ),Costruzioni Edili Ferrò srl,145710
4,90,501670,Via Cavour 3  28100 Novara ( NO ),Capogruppo ATI,147253
4,91,482388,Q.re Sant'Agabio  28100 Novara ( NO ),Mattioda Pierino & Figli SpA; integrato,148705
4,92,535823,Via Pianca   28100 Novara ( NO ),Veli Murrani; assegnato,150026
4,93,494586,Via Calderara 12-18  28100 Novara ( NO ),Gruppo Tecnoimprese srl,151354
4,94,532643,C.so 23 Marzo 1849  28100 Novara ( NO ),Airoldi Costruzioni srl,152859
4,95,525077,Via Antona  28100 Novara ( NO ),Nuova Edil Pernate srl,154189
4,96,533963,Via Vigne Vecchie  28100 Novara ( NO ),Edil Pitture srl,155733
4,97,538778,Strada Romentino Pernate 51  28100 Novara ( NO ),Agos srl,157150
4,98,536015,Vc. A.Brustio 11  28066 Galliate ( NO ),Airoldi Costruzioni srl,158642
4,99,525473,Via Michelangelo Buonarroti 75  28066 Galliate ( NO ),Airoldi Costruzioni srl,160156
4,100,529730,Via G.Galilei  28062 Cameri ( NO ),Airoldi Costruzioni srl,161667
4,101,516751,Via San Paolo della Croce  28062 Cameri ( NO ),Nderjaku Ervis Impresa Edile,162971
4,102,460721,Via Verbano  28100 Novara ( NO ),Centauro Group; assegnato,164685
4,103,541522,Strada privata Perosi  28100 Novara ( NO ),Nuova Edil Pernate srl,166207
4,104,540498,Strada Privata Perosi  28100 Novara ( NO ),Nuova Edil Pernate srl,167407
4,105,528603,Via Valduggia   28100 Novara ( NO ),Talpo Massimo Costruzioni,168877
4,106,530636,Torrion Quartara 1  28100 Novara ( NO ),Nuova Edil Pernate srl,170869
4,107,542275,Str. Perosi   28100 Novara ( NO ),Nuova Edil Pernate srl; assegnato,172114
4,108,533300,Via Novara 47  28069 Trecate ( NO ),F.lli Prevja srl,174054
4,109,526988,Via Strera  28047 Oleggio ( NO ),Raso Michele; assegnato,176681
4,110,539687,via Strera  28047 Oleggio ( NO ),Raso Michele,177881
4,111,541148,Via Cerea  28040 Mezzomerico ( NO ),Modularee; assegnato,179644
4,112,526635,Via Sempione  28040 Varallo Pombia ( NO ),RGM di Raso Rosario & C sas,181409
4,113,534775,Via Beati  28053 Castelletto sopra Ticino ( NO ),MEA srls,183334
4,114,526525,Via XX Settembre   28041 Arona ( NO ),Bertelli Costruzioni SpA; assegnato,185297
4,115,536338,Via Armando Diaz  28040 Lesa ( NO ),Elle BI VI Costruzioni srl; assegnato,187273
4,116,534049,Via Cristina   28013 Gattico-Veruno ( NO ),Impresa Mete Antonio; assegnato,189982
4,117,530915,via Verdi   28075 Grignasco ( NO ),La Torre srl,192499
4,118,519949,Via Primo Maggio   13017 Quarona ( VC ),PM Barbaglia srl; assegnato,194867
4,119,512319,Via Nobili De Toma  28017 San Maurizio d'Opaglio ( NO ),Simonotti Franco Costruzioni srl,198009
4,120,506874,Via Passerella  28831 Baveno ( VB ),Tecno Costruzioni srl,201708
4,121,521728,Loc. Colloro  28803 Premosello-Chiovenda ( VB ),Sama srl; assegnato,204087
4,122,541858,Via Felice Cavallotti  28845 Domodossola ( VB ),Frua Immobiliare srl; assegnato,206991
4,123,526625,Via Sant'Antonio  28845 Domodossola ( VB ),Palissandro Marmi srl,208433
4,124,498124,Via Orsoline  28922 Verbania ( VB ),Fracti Costruzioni srl; assegnato,212003
4,125,437464,Via XXIV Maggio 20  28921 Verbania ( VB ),Frua Immobiliare srl,213516
4,126,529556,Via Archimede  28921 Verbania ( VB ),Costanzo srl,214880
4,127,470153,C.so Goffredo Mameli 153  28921 Verbania ( VB ),Seven srl; assegnato,216340
4,128,480168,Fr. Pieggio  28824 Oggebbio ( VB ),Fracti Costruzioni srl; assegnato,218217
4,129,524292,Via Badini 20  28064 Carpignano Sesia ( NO ),Cogeas srl,218217
4,130,536780,Via Fra Dolcino  13854 Quaregna Cerreto ( BI ),Barchi Costruzioni srl,220961
4,131,488230,Via Roma  13854 Quaregna Cerreto ( BI ),ISI Costruzioni Generali srl,222334
4,132,540114,Via Avogadro  13854 Quaregna Cerreto ( BI ),Barchi Costruzioni srl,223846
4,133,537603,Via Bertola  13900 Biella ( BI ),Coppa Costruzioni srl,225789
4,134,526149,Via F.lli Cairoli  13894 Gaglianico ( BI ),SolHouse snc,227519
4,135,519548,Via dei Gorghi  13871 Verrone ( BI ),Merlin Costruzioni srl,229116
4,136,528555,Via Gramsci 3 ang. Via C. Colombo  13900 Biella ( BI ),Essegi srl,231211
4,137,541544,Via Rubiana  10040 Almese ( TO ),Natural House; assegnato,231211
4,138,531826,Via Torino 46-48  10055 Condove ( TO ),Costruzioni Sara srl,233097
4,139,525781,B.ta Giacone  10094 Giaveno ( TO ),Domusfausta srl; assegnato,235793
4,140,494678,Via Beale  10094 Giaveno ( TO ),Consorzio Innova Società Cooperativa,237379
4,141,535494,Via Nurivalle   10094 Giaveno ( TO ),Bernardi Costruzioni di Bernardi Davide,238882
4,142,447604,Via del Molino  10045 Piossasco ( TO ),ICR Costruzioni srl; assegnato,241594
4,143,504281,Via Umberto I  10060 Piscina ( TO ),Impregest srl,243685
4,144,541869,Via Biscaretti 5  10060 San Secondo di Pinerolo ( TO ),La Gustavo sas di Di Gangi Davide & C; assegnato,245591
4,145,486880,Fr. Abbadia Alpina  10064 Pinerolo ( TO ),ICR Costruzioni srl,247194
4,146,526335,Stradale Torre Pellice 6  10060 Bricherasio ( TO ),Nota Claudio,249228
4,147,416425,Str. Castelvecchio  10024 Moncalieri ( TO ),Sinfonia Costruzioni srl,253056
5,1,482730,Via Alfazio 5  10046 Poirino ( TO ),Capogruppo ATI; Dicearco Costruzioni srl; Pace Costruzioni srl,0
5,2,535072,Via Vittorio Veneto  12081 Beinette ( CN ),Antonio Viglietti & Figlio srl; assegnato,4747
5,3,499023,Via Martiri  12081 Beinette ( CN ),Impresa Edile Marchisio di Marchisio Renato & C,6051
5,4,524455,Via Einaudi  12013 Chiusa di Pesio ( CN ),Edil Pro Group,7552
5,5,532341,Via Cuneo   12016 Peveragno ( CN ),Bertone Costruzioni srl; assegnato,9231
5,6,530545,Fr. Panice Soprana 114  12015 Limone Piemonte ( CN ),Benedetto F. Costruzioni srl,12740
5,7,543154,Via Oulx  10050 Sauze d'Oulx ( TO ),Santo Stefano Costruzioni srl; assegnato,12740
5,8,524849,Fr. San Sicario  10054 Cesana Torinese ( TO ),Che Sole srl,15266
5,9,508641,Loc. Riva Valdobbia  13021 Alagna Valsesia ( VC ),Bertini Costruzioni srl,15266
