ID Progetto,File,Indirizzo,Imprese,Valore Stimato
218728,LOMBARDIA X FEDE,Via Francesco Sforza  20122 Milano ( MI ),ArCo Lavori s.coop.consortile; Consorzio Innova Società Cooperativa; Consorzio Stabile SIS Scpa; Palaser srl,165285000
221148,LOMBARDIA X FEDE,Via Tofano 5  20153 Milano ( MI ),ICR Impianti e Costruzioni srl; SALC SpA Società Appalti Lavori e Costruzioni + SALC SpA Società Appalti Lavori e Costruzioni; integrato,16629000
267334,LOMBARDIA X FEDE,Via Pizzigoni 9  20156 Milano ( MI ),ITI Impresa Generale SpA,13491000
289269,LOMBARDIA X FEDE,P.le Accursio 21  20151 Milano ( MI ),Caddell Construction Company LCC,294000000
290025,LOMBARDIA X FEDE,P.za dell'Ateneo Nuovo  20126 Milano ( MI ),CMC Cooperativa Muratori e Cementisti,43585000
291361,LOMBARDIA X FEDE,Via Cozzi  20811 Cesano Maderno ( MB ),Benis Costruzioni srl,3210000
324157,LOMBARDIA X FEDE,P.za Banfi  20866 Carnate ( MB ),Proedil Costruzioni srl,1000000
326646,LOMBARDIA X FEDE,P.le Trento  21100 Varese ( VA ),Edil Alta srl; ReseArch Consorzio Stabile scarl,
336548,LOMBARDIA X FEDE,Via General Biancardi   21052 Busto Arsizio ( VA ),Teicos UE srl; integrato,9200000
340404,LOMBARDIA X FEDE,area ex Falck  20099 Sesto San Giovanni ( MI ),Edison Facility Solutions SpA; Inso SpA Sistemi per le Infrastrutture Sociali; Italiana Costruzioni SpA; Societa' Italiana Condotte d'Acqua SpA,450000000
351297,LOMBARDIA X FEDE,P.le Virgilio  20900 Monza ( MB ),Quadrio Costruzioni SpA,5000000
351453,LOMBARDIA X FEDE,Vc. Pace 8  25032 Chiari ( BS ),ITI Impresa Generale SpA; integrato,2612000
359503,LOMBARDIA X FEDE,Via Emanuele Jona 15   20151 Milano ( MI ),Conscoop - Cons. Cooperative Produzione e Lavoro,18207000
372752,LOMBARDIA X FEDE,Via Parri  20097 San Donato Milanese ( MI ),ArCo Lavori s.coop.consortile; CIMS scrl Cooperativa Intersettoriale Montana; COEDIL Costruzioni Generali SpA; Hana srl; ITI Impresa Generale SpA; Radar srl; TM Tecnologie e Mobilità s.coop.,3171000
373415,LOMBARDIA X FEDE,Via Matteotti  21052 Busto Arsizio ( VA ),Notarimpresa SpA; integrato,4030000
376248,LOMBARDIA X FEDE,Via Toti  21047 Saronno ( VA ),CGM srl,7932000
383117,LOMBARDIA X FEDE,Loc.Masnago  21100 Varese ( VA ),Operazione srl,6988000
386869,LOMBARDIA X FEDE,Str.Briantea  24034 Cisano Bergamasco ( BG ),Roncelli Group srl,50000000
392683,LOMBARDIA X FEDE,Area ex Expo  20157 Milano ( MI ),CMB Coop Muratori e Braccianti di Carpi srl + Renco SpA,416000000
395407,LOMBARDIA X FEDE,C.so Europa  22063 Cantù ( CO ),Cobet srl; Masi Group srl; Nessi & Majocchi SpA; Pichler Projects srl,40000000
395647,LOMBARDIA X FEDE,Loc.Villa Igea  26900 Lodi ( LO ),Impredima srl,1929000
402754,LOMBARDIA X FEDE,Via Crespi 40  20159 Milano ( MI ),Capogruppo ATI; GC Appalti srl; integrato,8900000
403021,LOMBARDIA X FEDE,Via Erodoto 4  20126 Milano ( MI ),Sapa Costruzioni srl,15000000
405651,LOMBARDIA X FEDE,Via Cecilio 15  22100 Como ( CO ),Impresa Foti srl,5000000
406011,LOMBARDIA X FEDE,P.za Affari  23900 Lecco ( LC ),ECoRes srl; Infratech Consorzio Stabile srl,5763000
406268,LOMBARDIA X FEDE,C.so XXII Marzo 14  20135 Milano ( MI ),Grassi & Crespi srl,
407344,LOMBARDIA X FEDE,via Bernocchi  20025 Legnano ( MI ),Capogruppo ATI; Tabano srl,5839000
408125,LOMBARDIA X FEDE,Vc.Canonica  23900 Lecco ( LC ),Montorfano & C.sas,3500000
409332,LOMBARDIA X FEDE,Via Di Vittorio-Via Cecilio  22100 Como ( CO ),Consorzio Stabile GECO General Contract; Paladino Costruzioni srl,6953000
411318,LOMBARDIA X FEDE,Via Abruzzi 3   20068 Peschiera Borromeo ( MI ),Capogruppo ATI; Errebi Impianti srl,1500000
412008,LOMBARDIA X FEDE,Alzaia Naviglio Martesana  20064 Gorgonzola ( MI ),Impresa Giorgio Lanzetta SpA,1175000
412054,LOMBARDIA X FEDE,Via Monte Grappa  20812 Limbiate ( MB ),Consorzio Nazionale Coop.Produzione Lavoro Ciro,14360000
412865,LOMBARDIA X FEDE,Via Roma 2  22029 Uggiate con Ronago ( CO ),Capogruppo ATI; SRB Costruzioni srl,1904000
414437,LOMBARDIA X FEDE,Via Mosè Bianchi  20841 Carate Brianza ( MB ),Multi Manutenzione srl,
414828,LOMBARDIA X FEDE,Via Lorenteggio 181  20147 Milano ( MI ),ArCo Lavori s.coop.consortile,14447000
416348,LOMBARDIA X FEDE,Via Quadrio  20025 Legnano ( MI ),Cozzi Costruzioni srl,4500000
418488,LOMBARDIA X FEDE,Via ai Campi  20060 Trezzano Rosa ( MI ),Viviani Impianti srl,1176000
420605,LOMBARDIA X FEDE,Via Giuffrè 8  20159 Milano ( MI ),Capogruppo ATI; Edil Isotermo srl,7004000
425973,LOMBARDIA X FEDE,C.so Europa 250  20017 Rho ( MI ),Capogruppo ATI,3690000
428128,LOMBARDIA X FEDE,Via Pestalozzi 18  20143 Milano ( MI ),Impresa Edile Mariani srl,15000000
428807,LOMBARDIA X FEDE,Via Giambellino 150  20147 Milano ( MI ),ArCo Lavori s.coop.consortile; Paolo Beltrami Costruzioni SpA,5235000
432453,LOMBARDIA X FEDE,P.za Libertà  20090 Buccinasco ( MI ),Asea Consorzio Cooperativo,15000000
432700,LOMBARDIA X FEDE,Via Melchiorre Gioia 20  20124 Milano ( MI ),AZA Aghito Zambonini SpA; Consorzio Edil Nord; ICM SpA,25000000
434296,LOMBARDIA X FEDE,C.so Italia 23  20122 Milano ( MI ),Colombo Costruzioni SpA,
434953,LOMBARDIA X FEDE,Fr. Scannabue  26020 Palazzo Pignano ( CR ),Consorzio Stabile Costruendo srl,
434987,LOMBARDIA X FEDE,Via Monfalcone 21  21100 Varese ( VA ),Capogruppo ATI; Consorzio Innova Società Cooperativa; PERTOT srl Ecologia/Servizi,3608000
435013,LOMBARDIA X FEDE,Via Gabriele D'Annunzio  25080 Puegnago del Garda ( BS ),IEF Leonardo sas di Farro Francescosaverio e C.,1426000
435039,LOMBARDIA X FEDE,Via Ca' Bernardo  24040 Fornovo San Giovanni ( BG ),Capogruppo ATI; Costruzioni Lago Srl,2385000
436485,LOMBARDIA X FEDE,Via Gobetti  20090 Cesano Boscone ( MI ),Fiammengo Federico srl,4900000
436812,LOMBARDIA X FEDE,V.le Europa 47  24023 Clusone ( BG ),Impresa Costruzioni Geom Ghidelli,4000000
436951,LOMBARDIA X FEDE,Via Pietro Nenni 20  20056 Trezzo sull'Adda ( MI ),Elleterm Energy srl,3804000
438347,LOMBARDIA X FEDE,Via Scialoia 15/19/21  20161 Milano ( MI ),Capogruppo ATI; Teknova Ambiente srl,38100000
439442,LOMBARDIA X FEDE,Via Gattamelata  20149 Milano ( MI ),CMB Coop Muratori e Braccianti di Carpi srl,170000000
440009,LOMBARDIA X FEDE,Via Borfuro 11a  24122 Bergamo ( BG ),Ares srl; Capogruppo ATI; Cons. Stabile Conpat scarl; GeDi Group SpA,5182000
440069,LOMBARDIA X FEDE,Via Volta  22075 Lurate Caccivio ( CO ),Graphite srl,1300000
440453,LOMBARDIA X FEDE,Via Catone 24  20158 Milano ( MI ),Capogruppo ATI; Ingegneria Costruzioni Colombrita Srl,11975000
440898,LOMBARDIA X FEDE,Fr.Piano  24062 Costa Volpino ( BG ),Capogruppo ATI; Duci srl,
441670,LOMBARDIA X FEDE,Via Castellino da Castello 9  20155 Milano ( MI ),Edilcostruzioni Group srl,14091000
441855,LOMBARDIA X FEDE,V.le Liguria 19  20143 Milano ( MI ),Devi Impianti srl; integrato,10492000
441856,LOMBARDIA X FEDE,P.za Tito Lucrezio Caro 8  20136 Milano ( MI ),Spark Consorzio Stabile,3800000
441860,LOMBARDIA X FEDE,Via Sanzio 9  21052 Busto Arsizio ( VA ),B&C Restauri e Decorazioni sas di Bio Daniela; Calini srl; Capogruppo ATI,1135000
442756,LOMBARDIA X FEDE,Loc. Casatico   46010 Marcaria ( MN ),Capogruppo ATI; Iton srl,2141000
443130,LOMBARDIA X FEDE,Via Lorenteggio 179  20147 Milano ( MI ),ArCo Lavori s.coop.consortile; Paolo Beltrami Costruzioni SpA,13459000
443131,LOMBARDIA X FEDE,Via Manzano 4  20147 Milano ( MI ),Capogruppo ATI; SCS società cooperativa,9308000
443179,LOMBARDIA X FEDE,Via Faidetti 2  24040 Bonate Sotto ( BG ),Consorzio Nazionale Coop.Produzione Lavoro Ciro; La Cascina Costruzioni Srl,6558000
443420,LOMBARDIA X FEDE,Via Liberazione 10  22020 Faloppio ( CO ),Socim SpA,3859000
445258,LOMBARDIA X FEDE,Via del Lazzarino  24030 Mapello ( BG ),Corbo Group SpA,2555000
445445,LOMBARDIA X FEDE,Via Anfiteatro 7  20121 Milano ( MI ),Masi Group srl,4500000
445595,LOMBARDIA X FEDE,Via Vittorio Veneto  25065 Lumezzane ( BS ),Capogruppo ATI,7323000
445621,LOMBARDIA X FEDE,Via Verdi  26020 Agnadello ( CR ),Domus Costruzioni srl,2000000
445743,LOMBARDIA X FEDE,Via Gavazzi 17   20066 Melzo ( MI ),Techne SpA; integrato,4266000
446606,LOMBARDIA X FEDE,Via F.lli Cervi  25013 Carpenedolo ( BS ),Capogruppo ATI; TDK Service srl,2186000
446619,LOMBARDIA X FEDE,Via Bologna Giuseppe 26  20091 Bresso ( MI ),Capogruppo ATI; Roger Group SpA,1800000
446625,LOMBARDIA X FEDE,V.le Merisio  24047 Treviglio ( BG ),Paratico Costruzioni srl,2830000
447350,LOMBARDIA X FEDE,Via Verdi  21042 Caronno Pertusella ( VA ),Capogruppo ATI; Eurosistemi srl,3314000
447729,LOMBARDIA X FEDE,Via Serlini  25035 Ospitaletto ( BS ),ArCo Lavori s.coop.consortile; Seli Manutenzioni Generali Srl,3956000
448343,LOMBARDIA X FEDE,Via Comelli  24058 Romano di Lombardia ( BG ),Cortesi Costruzioni srl,4200000
449507,LOMBARDIA X FEDE,Via Trieste  21020 Buguggiate ( VA ),Gabri Luigi sas di Alessandro Gabri Gabricasa,8000000
450774,LOMBARDIA X FEDE,C.so di Porta Vittoria 27  20122 Milano ( MI ),Imprendo Italia srl,19104000
450949,LOMBARDIA X FEDE,Via Schiappadori  46035 Ostiglia ( MN ),Pavoni SpA,1483000
451236,LOMBARDIA X FEDE,Via Garibaldi 28  20851 Lissone ( MB ),CAMECA srl,1115000
451747,LOMBARDIA X FEDE,V.le Jenner 24  20158 Milano ( MI ),De Martino Costruzioni srl,4000000
451770,LOMBARDIA X FEDE,Via Passerini 13  20162 Milano ( MI ),Edilvit srl,
452180,LOMBARDIA X FEDE,P.zza IV Novembre  20053 Rodano ( MI ),Capogruppo ATI; Consorzio Stabile Costruendo srl; De Rose Service srl,4366000
452249,LOMBARDIA X FEDE,Via Ciotti  25018 Montichiari ( BS ),TF Costruzioni srl,3143000
452512,LOMBARDIA X FEDE,Via Dossolo  25085 Gavardo ( BS ),Petrarca srl,4574000
452679,LOMBARDIA X FEDE,C.so Argentina  27029 Vigevano ( PV ),CL Costruzioni srl,1500000
452821,LOMBARDIA X FEDE,Via Viarana  20842 Besana in Brianza ( MB ),Multi Manutenzione srl,855000
452991,LOMBARDIA X FEDE,Via Ferrari 62  46045 Marmirolo ( MN ),Geco srl,602000
454757,LOMBARDIA X FEDE,Via Manzoni  25086 Rezzato ( BS ),Capogruppo ATI; Foresti Distribuzione Laterizi srl,4117000
454794,LOMBARDIA X FEDE,P.za Trento  20135 Milano ( MI ),CMB Coop Muratori e Braccianti di Carpi srl; Colombo Costruzioni SpA,50000000
455746,LOMBARDIA X FEDE,Via G.Galli 1  20832 Desio ( MB ),Consorzio Stabile RCR,871000
456020,LOMBARDIA X FEDE,Via Lorenzini 8  20139 Milano ( MI ),Carron SpA,20000000
456629,LOMBARDIA X FEDE,P.za I Maggio  20099 Sesto San Giovanni ( MI ),Cimolai SpA,14673000
456942,LOMBARDIA X FEDE,Via Manara  20900 Monza ( MB ),Edilvit srl,12800000
458211,LOMBARDIA X FEDE,Scalo Porta Romana   20139 Milano ( MI ),CCL Consorzio Coop Lavoratori; CEV SpA; Fondamenta SpA; Grassi & Crespi srl,50000000
458363,LOMBARDIA X FEDE,Via Valvassori Peroni  20133 Milano ( MI ),ITI Impresa Generale SpA,8513000
458776,LOMBARDIA X FEDE,V.le Suzzani 96  20162 Milano ( MI ),Proedil srl,
458888,LOMBARDIA X FEDE,Ex S.S.11  20011 Corbetta ( MI ),MAPE Costruzioni Edili srl,7000000
459252,LOMBARDIA X FEDE,Via IV Novembre  26013 Crema ( CR ),Devi Impianti srl,2452000
459391,LOMBARDIA X FEDE,Via Santa Margherita  20861 Brugherio ( MB ),Staff Costruzioni srl,5000000
460164,LOMBARDIA X FEDE,P.za del Collegio Borromeo  27100 Pavia ( PV ),Damiani Costruzioni srl,6000000
460365,LOMBARDIA X FEDE,Via Alfieri  23890 Barzago ( LC ),Gervasoni Bruno srl; Idraulica Gritti srl,626000
460962,LOMBARDIA X FEDE,Via Rovello 14  20121 Milano ( MI ),SMV Costruzioni srl,15000000
461838,LOMBARDIA X FEDE,via Roma  20042 Pessano con Bornago ( MI ),ITM Consorzio Stabile; Oceania srl,5736000
461893,LOMBARDIA X FEDE,P.za Battisti 85  46024 Moglia ( MN ),Capogruppo ATI; SIME Restauri srl; Selva Mercurio srl,1411000
462518,LOMBARDIA X FEDE,Via Monte Cervino  20861 Brugherio ( MB ),Devero Costruzioni SpA,6400000
462870,LOMBARDIA X FEDE,via Marconi  21046 Malnate ( VA ),EdilEuropa srl,4691000
463372,LOMBARDIA X FEDE,Via Visconti  24047 Treviglio ( BG ),Vecchierelli Restauri srl,2179000
463380,LOMBARDIA X FEDE,Loc. Portiolo  46027 San Benedetto Po ( MN ),MarSal Restauri srl,3198000
463409,LOMBARDIA X FEDE,Via Paglia  24022 Alzano Lombardo ( BG ),Perico Renato srl,
463505,LOMBARDIA X FEDE,Via Cerca  25049 Iseo ( BS ),Belleri Silverio & C srl,3856000
463626,LOMBARDIA X FEDE,Via Treviglio 1/C  26013 Crema ( CR ),Fedil Costruzioni srl,785000
463996,LOMBARDIA X FEDE,Via Alberico da Barbiano  20161 Milano ( MI ),AEP Attività Edilizie Pavesi SpA,10000000
464254,LOMBARDIA X FEDE,V.le Resistenza 11  26845 Codogno ( LO ),Edil Rosa di Rosa Vincenzo,3960000
464512,LOMBARDIA X FEDE,Via Monte San Genesio 8  20158 Milano ( MI ),Lasema Costruzioni srl,7000000
464809,LOMBARDIA X FEDE,Via Sforza 8  20122 Milano ( MI ),Capogruppo ATI; Eurosistemi srl; Martino srl,9212000
465249,LOMBARDIA X FEDE,Via al Dosso  22030 Montorfano ( CO ),Upgrading Services SpA,1925000
466468,LOMBARDIA X FEDE,Area forni  23038 Valdidentro ( SO ),G.G. Gruppo Generale Costruzioni srl,1572000
466728,LOMBARDIA X FEDE,Via Sanchioli  20013 Magenta ( MI ),MAPE Costruzioni Edili srl,5000000
466932,LOMBARDIA X FEDE,P.zza Matteotti  20096 Pioltello ( MI ),Capogruppo ATI; Giustiniana srl; La Fenice s.coop.rl,2368000
466935,LOMBARDIA X FEDE,Via Roma 81  25054 Marone ( BS ),Progetto Duemila srl,
466945,LOMBARDIA X FEDE,Via XXV Aprile 31  26823 Castelgerundo ( LO ),Facchetti Costruzioni SpA,2734000
467339,LOMBARDIA X FEDE,Zona Nord  24047 Treviglio ( BG ),Vecchierelli Restauri srl,1158000
468225,LOMBARDIA X FEDE,Via Gregorovius  20162 Milano ( MI ),Capogruppo ATI; Ferretto Group SpA,17635000
468912,LOMBARDIA X FEDE,Via Rizzoli  20132 Milano ( MI ),ATS Costruzioni Generali srl; integrato,14000000
469806,LOMBARDIA X FEDE,V.le Europa  46043 Castiglione delle Stiviere ( MN ),Moschini Costruzioni srl,3500000
469871,LOMBARDIA X FEDE,Via dei Cipressi   22017 Menaggio ( CO ),Capogruppo ATI,1317000
470362,LOMBARDIA X FEDE,Via Ozanam  20863 Concorezzo ( MB ),ITM Consorzio Stabile; Seli Manutenzioni Generali Srl,8319000
470760,LOMBARDIA X FEDE,Via Bistolfi 31  20134 Milano ( MI ),Borio Mangiarotti SpA,55000000
471626,LOMBARDIA X FEDE,Via Camerate 5  25062 Concesio ( BS ),Consorzio Nazionale Coop.Produzione Lavoro Ciro; La Cascina Costruzioni Srl,4598000
471634,LOMBARDIA X FEDE,Via Cavriana 15  20134 Milano ( MI ),BNG srls; Coccia Costruzioni srl; Consorzio Idea Group,6000000
473814,LOMBARDIA X FEDE,Via D'Azeglio  20833 Giussano ( MB ),ArCo Lavori s.coop.consortile,2205000
474010,LOMBARDIA X FEDE,Via Milano  20034 San Giorgio su Legnano ( MI ),Civelli Costruzioni srl,2000000
474396,LOMBARDIA X FEDE,Via della Conca Fiorita   24123 Bergamo ( BG ),GVG SpA,4692000
474452,LOMBARDIA X FEDE,Via Aeroporto  24050 Orio al Serio ( BG ),Gencantieri SpA,30000000
474933,LOMBARDIA X FEDE,P.za Ospedale 3  24050 Calcinate ( BG ),Impresa Ravelli srl,1463000
474942,LOMBARDIA X FEDE,Via Mozart  46042 Castel Goffredo ( MN ),Cappellari Costruzioni srl,1000000
475160,LOMBARDIA X FEDE,Via Piave  20900 Monza ( MB ),Impresa Ing Galbiati SpA,5500000
475177,LOMBARDIA X FEDE,Via Acciaierie  20099 Sesto San Giovanni ( MI ),CMB Coop.Muratori e Braccianti di Carpi srl; Colombo Costruzioni SpA,80000000
475709,LOMBARDIA X FEDE,Via Alfieri  20854 Vedano al Lambro ( MB ),Artedil di Campennì Rocco & C srl,2179000
475772,LOMBARDIA X FEDE,Via Giussani 81  22100 Como ( CO ),Fenix Consorzio Stabile scarl,1453000
475885,LOMBARDIA X FEDE,V.le della Repubblica 43  20010 Santo Stefano Ticino ( MI ),PMM srl,1100000
475919,LOMBARDIA X FEDE,Via XX Settembre  26100 Cremona ( CR ),Italactive srl,
476005,LOMBARDIA X FEDE,Via Marconi  24021 Albino ( BG ),Bergamelli srl; Cortinovis Costruzioni srl + Immobilter srl,3500000
476088,LOMBARDIA X FEDE,Via Emilia 271  27043 Broni ( PV ),Damiani Costruzioni srl,2327000
476303,LOMBARDIA X FEDE,Via Calvi  24122 Bergamo ( BG ),ArCo Lavori s.coop.consortile; Benis Costruzioni srl + Casaviva srl,5250000
476827,LOMBARDIA X FEDE,Via Valdipado  26100 Cremona ( CR ),Devi Impianti srl,2062000
476828,LOMBARDIA X FEDE,Via Vecchia 7  26100 Cremona ( CR ),Capogruppo ATI,917000
476850,LOMBARDIA X FEDE,Via Medaglie d'oro 1  26845 Codogno ( LO ),IEF Leonardo sas di Farro Francescosaverio e C.,2088000
477198,LOMBARDIA X FEDE,Via Caduti in Missione di Pace  20134 Milano ( MI ),Capogruppo ATI; Gemmo SpA + Costruire In srl; Edil Finazzi srl,10453000
477637,LOMBARDIA X FEDE,V.le Stazione  25021 Bagnolo Mella ( BS ),Soseteg srl,1443000
477652,LOMBARDIA X FEDE,Via Bramante 65  26013 Crema ( CR ),Capogruppo ATI; Mancino srl,1532000
477790,LOMBARDIA X FEDE,Via Grandi   26900 Lodi ( LO ),Ediltecno Restauri srl; Lignoalp,35000000
477987,LOMBARDIA X FEDE,P.le Visconti  24127 Bergamo ( BG ),ArCo Lavori s.coop.consortile; Hana srl + Benis Costruzioni srl; Capogruppo ATI,6803000
478167,LOMBARDIA X FEDE,Via Newton 15  20148 Milano ( MI ),ATS Costruzioni Generali srl,3950000
478182,LOMBARDIA X FEDE,Via Paravia  20148 Milano ( MI ),IMG srl,2367000
478187,LOMBARDIA X FEDE,V.le Delle Rimembranze di Lambrate 24  20134 Milano ( MI ),Capogruppo ATI; SAC Società Appalti Costruzioni SpA,12650000
478258,LOMBARDIA X FEDE,P.zza Cadorna  26100 Cremona ( CR ),Capogruppo ATI; Radar srl,1634000
478406,LOMBARDIA X FEDE,Via Filzi   20833 Giussano ( MB ),Ediltre srl,1500000
478538,LOMBARDIA X FEDE,Via F.lli Lodrini  46043 Castiglione delle Stiviere ( MN ),Vezzola SpA,938000
478546,LOMBARDIA X FEDE,Via Vavassori  24050 Cividate al Piano ( BG ),CGM srl,552000
478548,LOMBARDIA X FEDE,Via Piave  20846 Macherio ( MB ),PBS srl,8000000
479797,LOMBARDIA X FEDE,Via Segantini  22077 Olgiate Comasco ( CO ),Impresa Bellomi snc,
479845,LOMBARDIA X FEDE,Via Salvo D'Acquisto  20864 Agrate Brianza ( MB ),Impresa Edile Mariani srl,1500000
480183,LOMBARDIA X FEDE,Via Condino 13  20139 Milano ( MI ),CMB Cooperativa Muratori Braccianti di Carpi srl,20000000
480241,LOMBARDIA X FEDE,Via Tovini  25020 Gambara ( BS ),Viola Costruzioni srl,3367000
480584,LOMBARDIA X FEDE,Via Lavello  23801 Calolziocorte ( LC ),Capogruppo ATI; Constructions and Services srl; Tipiesse SpA,2208000
480674,LOMBARDIA X FEDE,Via Mazzini 2  20841 Carate Brianza ( MB ),Cosema Srl,
480811,LOMBARDIA X FEDE,Via Curtatone  21013 Gallarate ( VA ),Impresa Edile Virgilio Gherardi srl,4778000
480836,LOMBARDIA X FEDE,Via San Quirico  20033 Solaro ( MI ),Urbania Spa,25000000
481009,LOMBARDIA X FEDE,Via San Tomaso  24121 Bergamo ( BG ),Racco Group SpA,10000000
481454,LOMBARDIA X FEDE,V.le Borri 57  21100 Varese ( VA ),Notarimpresa SpA,
481624,LOMBARDIA X FEDE,Via Di Vittorio  25010 Borgosatollo ( BS ),Lucchini Costruzioni srl,
482066,LOMBARDIA X FEDE,Via Novari  20086 Motta Visconti ( MI ),C.N. Costruzioni Edili srl,1529000
482138,LOMBARDIA X FEDE,Via De Gasperi 12  20083 Gaggiano ( MI ),Alto Serio Costruzioni srl,1547000
482164,LOMBARDIA X FEDE,Via Scartazini 22  23022 Chiavenna ( SO ),Tecno Service srl Impianti Tecnologici,1495000
482385,LOMBARDIA X FEDE,Fraz. Crevenna  22036 Erba ( CO ),Consorzio Stabile Santa Chiara,3564000
482767,LOMBARDIA X FEDE,Via San Pancrazio  20060 Gessate ( MI ),Giambelli SpA,200000000
483150,LOMBARDIA X FEDE,Via A.Maj 8  24121 Bergamo ( BG ),Sicebergamo srl,542000
483178,LOMBARDIA X FEDE,Via San Martino  20017 Rho ( MI ),Tecno Service srl Impianti Tecnologici,2855000
483192,LOMBARDIA X FEDE,Via Savona 134  20144 Milano ( MI ),Gruppo Building SpA,15000000
483490,LOMBARDIA X FEDE,Via Rinaldo Mantovano   46100 Mantova ( MN ),Capogruppo ATI; Enpower srl,9434000
483802,LOMBARDIA X FEDE,Via Mortirolo  23034 Grosotto ( SO ),Flooring dei F.lli Messina Srl,1250000
484079,LOMBARDIA X FEDE,Via Roma  24050 Mozzanica ( BG ),Cividini Ing&Co srl,
484295,LOMBARDIA X FEDE,Via Medici 7  21050 Cantello ( VA ),Gilomach srl,2500000
484334,LOMBARDIA X FEDE,Via Olimpia Strada Costa  25016 Ghedi ( BS ),"FL Costruzioni e Autotrasporti srl; suddiviso in 2 stralci,",12934000
485060,LOMBARDIA X FEDE,Via Monsignor Rigamonti  20900 Monza ( MB ),Capogruppo ATI; Consorzio Stabile Triangolo Lariano srl,1140000
485266,LOMBARDIA X FEDE,Via Botticelli 14  20851 Lissone ( MB ),Dream Costruzioni srl,660000
485306,LOMBARDIA X FEDE,P.za Trento e Trieste  20095 Cusano Milanino ( MI ),Giudici SpA; Termocad srl,
485307,LOMBARDIA X FEDE,V.lo Lamperti 6  20061 Carugate ( MI ),Capogruppo ATI; Imprima Lavori srl; integrato,1509000
485429,LOMBARDIA X FEDE,P.za Vittorio Veneto  27029 Vigevano ( PV ),ITI Impresa Generale SpA,6229000
485541,LOMBARDIA X FEDE,Via San Francesco  22040 Monguzzo ( CO ),Romeo srls,600000
485762,LOMBARDIA X FEDE,Via Massimiano 6  20134 Milano ( MI ),Coprima srl,14000000
485771,LOMBARDIA X FEDE,Via Stilicone 10  20154 Milano ( MI ),Restructura srl,4200000
485782,LOMBARDIA X FEDE,Loc. All  23030 Livigno ( SO ),Edil Galli srl,500000
486104,LOMBARDIA X FEDE,Via Santa Cristina  24048 Treviolo ( BG ),Adobati Eliseo & C snc + Spedil srl,2000000
486195,LOMBARDIA X FEDE,Q.re San Fermo  21100 Varese ( VA ),Impresa Bacchi srl,15161000
486222,LOMBARDIA X FEDE,Via Guglielmo Pepe  21052 Busto Arsizio ( VA ),Notarimpresa SpA; integrato,5680000
486276,LOMBARDIA X FEDE,Via del Carso  25124 Brescia ( BS ),Girelli Costruzioni srl + Santamargherita srl,3200000
487573,LOMBARDIA X FEDE,V.le Romagna 40  20900 Monza ( MB ),Wolf Haus srl,9000000
488074,LOMBARDIA X FEDE,Via Amendola 27  21100 Varese ( VA ),Demolizioni,3000000
488126,LOMBARDIA X FEDE,Via Erodoto 16  20126 Milano ( MI ),AT Toptaglio srl; COEMI Coop Edile Muratori srl,12000000
488315,LOMBARDIA X FEDE,Via Monte Sabini 21  20141 Milano ( MI ),GA Enne Costruzioni srl,12000000
488553,LOMBARDIA X FEDE,P.za Tirana 24  20147 Milano ( MI ),Borio Mangiarotti SpA,15000000
488624,LOMBARDIA X FEDE,Via Ponti 15  20871 Vimercate ( MB ),AGG Restauri srl,935000
488683,LOMBARDIA X FEDE,Via Isonzo 42  21020 Buguggiate ( VA ),Massetti Costruzioni srl,3000000
488851,LOMBARDIA X FEDE,Loc. San Fedele Intelvi  22022 Centro Valle Intelvi ( CO ),DISMA srl Demolizioni Industriali Strade Manufatti,1627000
489671,LOMBARDIA X FEDE,C.so Porta Nuova 19  20121 Milano ( MI ),Cogefa SpA,8000000
489751,LOMBARDIA X FEDE,Via Stelvio 6  20813 Bovisio-Masciago ( MB ),Futura srl; GM Costruzioni srl,5500000
489909,LOMBARDIA X FEDE,Via Rovigno 18  20125 Milano ( MI ),Tierre Immobiliare srl,9000000
490111,LOMBARDIA X FEDE,Via San Francesco 33  46019 Viadana ( MN ),Wolf System srl,1140000
490178,LOMBARDIA X FEDE,S.P. 14 Rivoltana  20050 Liscate ( MI ),BPZ Immobiliare srl,6000000
490262,LOMBARDIA X FEDE,Via Aresi  46010 Curtatone ( MN ),Futuredil Mantova srl,650000
490269,LOMBARDIA X FEDE,Via Goito   46049 Volta Mantovana ( MN ),Sorosina srl,849000
490624,LOMBARDIA X FEDE,Via Damiano Chiesa 29  26841 Casalpusterlengo ( LO ),Pascolo srl,720000
490626,LOMBARDIA X FEDE,Via Vanoni 5  26841 Casalpusterlengo ( LO ),Cosiam srl,1172000
490667,LOMBARDIA X FEDE,Via Dottor Libero Signorelli  24064 Grumello del Monte ( BG ),Fin Berg srl Costruzioni Generali,1200000
490682,LOMBARDIA X FEDE,Via Promessi Sposi  23868 Valmadrera ( LC ),Impresa Edile Stampini srl,6000000
490688,LOMBARDIA X FEDE,Via Goito  25015 Desenzano del Garda ( BS ),La Solidarietà CMG Cooperativa Muratori Gussola,1629000
490696,LOMBARDIA X FEDE,Via Pellico  20027 Rescaldina ( MI ),Finocchiaro Costruzioni srl,3605000
490795,LOMBARDIA X FEDE,Via Vespucci  20090 Cesano Boscone ( MI ),Dicataldo Sabino + PMM srl,4660000
491415,LOMBARDIA X FEDE,Via Val Gardena 9  20128 Milano ( MI ),Edilpan srl,5000000
491423,LOMBARDIA X FEDE,Via Nazione Italiana 2  22070 Veniano ( CO ),Risana Soluzioni srl,511000
491565,LOMBARDIA X FEDE,Via Corelli 136  20134 Milano ( MI ),Consorzio Innova Società Cooperativa,4994000
492195,LOMBARDIA X FEDE,V.le Giulio Richard 1  20143 Milano ( MI ),Intesa Costruzioni srl,25000000
492361,LOMBARDIA X FEDE,Via Forze Armate 195  20152 Milano ( MI ),Gruppo CVL Costruzioni Vinco Legnano SpA,7500000
492519,LOMBARDIA X FEDE,Via Arno 39  20089 Rozzano ( MI ),Borio Mangiarotti SpA,10000000
492609,LOMBARDIA X FEDE,P.za Antonio Gramsci  21100 Varese ( VA ),Capogruppo ATI; Consorzio Innova Società Cooperativa,
492627,LOMBARDIA X FEDE,Via Somaini 5  22020 San Fermo della Battaglia ( CO ),Impredima srl,2532000
492724,LOMBARDIA X FEDE,Via Camprelle 14  25080 Nuvolera ( BS ),Viridis Group SpA,
492738,LOMBARDIA X FEDE,Via Galeazzo Viganò  20844 Triuggio ( MB ),Edilizia F.lli Ferazzini,5000000
492823,LOMBARDIA X FEDE,Via Alserio 20  20159 Milano ( MI ),Grassi & Crespi srl,5000000
492978,LOMBARDIA X FEDE,Via San Fereolo 11  26900 Lodi ( LO ),DP Costruzioni srl,2704000
493061,LOMBARDIA X FEDE,Str. Casalino  27029 Vigevano ( PV ),CEFER srl,1258000
493130,LOMBARDIA X FEDE,Via Daniele Crespi 16  20123 Milano ( MI ),Edilpark SpA,2000000
493132,LOMBARDIA X FEDE,Via Vasari 19  20135 Milano ( MI ),Cogefa SpA,20000000
493538,LOMBARDIA X FEDE,Via Milano  20025 Legnano ( MI ),Ambra CORE Conservazione e Restauro srl,1894000
493637,LOMBARDIA X FEDE,Via Balduccio da Pisa 7  20139 Milano ( MI ),Tecnosuolo srl,20000000
493769,LOMBARDIA X FEDE,Via Moro  20096 Pioltello ( MI ),Atlante SCpA; Ely Sistemi Project srl; Flooring dei F.lli Messina Srl; Italced SpA,5911000
493782,LOMBARDIA X FEDE,Via Savona 53  20099 Sesto San Giovanni ( MI ),Capogruppo ATI; Errestrade srl; integrato,2095000
493783,LOMBARDIA X FEDE,Via Brescia  20015 Parabiago ( MI ),Arco srl; Capogruppo ATI; Consorzio Stabile Costruendo srl,7231000
493937,LOMBARDIA X FEDE,Via Pompeo Mariani 14  20128 Milano ( MI ),Botta SpA,5000000
494374,LOMBARDIA X FEDE,Via Cicognini  25026 Pontevico ( BS ),Lindi & F.lli srl,
494600,LOMBARDIA X FEDE,Via De Amicis  25047 Darfo Boario Terme ( BS ),Cividini Ing&Co srl,2980000
494731,LOMBARDIA X FEDE,Via Brodoloni  20026 Novate Milanese ( MI ),Capogruppo ATI; Cons. Stabile Conpat scarl,1978000
494837,LOMBARDIA X FEDE,Via dei Pioppi  24058 Romano di Lombardia ( BG ),Ecoedile Srl,
494916,LOMBARDIA X FEDE,Via Cantù  20813 Bovisio-Masciago ( MB ),Argelato srl; Lietti srl,7146000
495012,LOMBARDIA X FEDE,Via Canossi  25073 Bovezzo ( BS ),Soseteg srl,1144000
495026,LOMBARDIA X FEDE,Via Sandro Pertini  20067 Tribiano ( MI ),LEIL Costruzioni srl,1607000
495050,LOMBARDIA X FEDE,Via Generale Reverberi 2  25078 Vestone ( BS ),CAMECA srl; Consorzio Cadel scarl,536000
495145,LOMBARDIA X FEDE,Via Ponte Nuovo 51  20128 Milano ( MI ),PASIFIM srl,3800000
495163,LOMBARDIA X FEDE,P.za Ospedale Maggiore 3  20161 Milano ( MI ),ArCo Lavori s.coop.consortile + Capogruppo ATI + Capogruppo ATI; Gruppo Eden srls Edilizia Energetica + Capogruppo ATI; Gruppo Eden srls Edilizia Energetica; integrato aggiudicato a seguito di sottoscrizione di accordo + Multi Manutenzione srl; integrato,1573000
495344,LOMBARDIA X FEDE,Via Villoresi  21019 Somma Lombardo ( VA ),Capogruppo ATI; SIEL Impianti srl,5346000
495402,LOMBARDIA X FEDE,Via De Gasperi  24030 Ambivere ( BG ),Assolari Luigi & C.SpA; Capogruppo ATI,1461000
495407,LOMBARDIA X FEDE,Loc.Campelli   23010 Albosaggia ( SO ),CoGeTri srl,765000
495669,LOMBARDIA X FEDE,Via dei Rospigliosi 43  20148 Milano ( MI ),ImpreDo SpA,25000000
495846,LOMBARDIA X FEDE,Via Ferrata  27100 Pavia ( PV ),ITI Impresa Generale SpA,7749000
495917,LOMBARDIA X FEDE,Via Ferrari  20067 Paullo ( MI ),Capogruppo ATI; LFM SpA,1500000
495927,LOMBARDIA X FEDE,Via Mamoli  20070 San Zenone al Lambro ( MI ),Recover Italia srl,747000
496052,LOMBARDIA X FEDE,Via Gaeta 18  20161 Milano ( MI ),Gruppo Cogifer SpA,5000000
496283,LOMBARDIA X FEDE,Via Pizzi 5  20141 Milano ( MI ),Gruppo Cogifer SpA,5000000
496292,LOMBARDIA X FEDE,Via dei Giaggioli  20147 Milano ( MI ),Capogruppo ATI; Scotta srl,45710000
496595,LOMBARDIA X FEDE,Via Mattei  24040 Filago ( BG ),Engineering 2K SpA,20000000
496621,LOMBARDIA X FEDE,Via Garbagnate  20045 Lainate ( MI ),GiMaCo Costruzioni srl,6000000
496695,LOMBARDIA X FEDE,Via Sacchi 31  27100 Pavia ( PV ),ITI Impresa Generale SpA,5232000
497197,LOMBARDIA X FEDE,Via Pasubio  20063 Cernusco sul Naviglio ( MI ),Edil Sirio srl,2000000
497490,LOMBARDIA X FEDE,Via Lazio  21012 Cassano Magnago ( VA ),So.Med Group srl,3209000
497519,LOMBARDIA X FEDE,Via Pozzo Bianco  27045 Casteggio ( PV ),Impresa Edile Luigi Privitello,1000000
497639,LOMBARDIA X FEDE,V.le Sarca 45  20125 Milano ( MI ),Luxury Restauri e Ristrutturazioni srl,
498243,LOMBARDIA X FEDE,Via Marconi 4  24050 Cavernago ( BG ),Prefgab srl,2035000
498247,LOMBARDIA X FEDE,Via San Fermo 2  24041 Brembate ( BG ),Picenni F.lli snc,798000
499529,LOMBARDIA X FEDE,Via Giulio Carcano 32  20141 Milano ( MI ),Edil Ferri SpA,8000000
499594,LOMBARDIA X FEDE,Via Robati  26010 Capergnanica ( CR ),Impresa Edile De Carli Andrea srl,3334000
499773,LOMBARDIA X FEDE,Via Pascoli  20015 Parabiago ( MI ),ITI Impresa Generale SpA,7710000
499782,LOMBARDIA X FEDE,Via Dalmazia  20017 Rho ( MI ),IBeCo Costruzioni SpA,2325000
500018,LOMBARDIA X FEDE,Loc. Tolao  24010 Costa Serina ( BG ),L'Orobica srl,8000000
500058,LOMBARDIA X FEDE,Via Leopardi  27010 Ceranova ( PV ),CGM srl,3469000
500215,LOMBARDIA X FEDE,Via Rimembranze  20854 Vedano al Lambro ( MB ),Imprendo Italia srl,6061000
500221,LOMBARDIA X FEDE,Via Italia  20854 Vedano al Lambro ( MB ),Mirabelli Mariano srl,4073000
500405,LOMBARDIA X FEDE,Via Leonardo da Vinci   22073 Fino Mornasco ( CO ),Operazione srl,6756000
500410,LOMBARDIA X FEDE,Via Cancano 5  20152 Milano ( MI ),Albini e Castelli srl,15000000
500468,LOMBARDIA X FEDE,Via Roma 37  24060 Villongo ( BG ),Rara Srl; aggiudicato con il ribasso,1805000
500488,LOMBARDIA X FEDE,Via Tazzoli 5  22060 Carugo ( CO ),Zaco srl,6000000
500522,LOMBARDIA X FEDE,Via San Rocco 3  24060 Telgate ( BG ),Consorzio Nazionale Coop.Produzione Lavoro Ciro; ICoNa Soc. Coop.; La Cascina Costruzioni Srl; MACOS Soc. Coop.; Tregi Soc. Coop. Consortile; aggiudicato a favore del consorzio indicato a seguito di,3702000
500908,LOMBARDIA X FEDE,V.le Sarca 24  20125 Milano ( MI ),Secap SpA,8499000
500913,LOMBARDIA X FEDE,Via dei Galliari 1  24128 Bergamo ( BG ),Paolo Beltrami Costruzioni SpA,5489000
500939,LOMBARDIA X FEDE,Via Pergolesi  26900 Lodi ( LO ),Devi Impianti srl,13603000
500984,LOMBARDIA X FEDE,Via Teodoro Pertusati  25123 Brescia ( BS ),Lucchini Costruzioni srl,5000000
500991,LOMBARDIA X FEDE,Via Trezzo d'Adda 14  20144 Milano ( MI ),Borio Mangiarotti SpA,3500000
501136,LOMBARDIA X FEDE,Via Milano  20882 Bellusco ( MB ),CGV srl,1746000
501278,LOMBARDIA X FEDE,Via San Gerardo  22077 Olgiate Comasco ( CO ),CRT Group srl; integrato,1170000
501329,LOMBARDIA X FEDE,Via Aril  46041 Asola ( MN ),Bonazzoli Costruzioni srl,900000
501514,LOMBARDIA X FEDE,Via Roma  23010 Berbenno di Valtellina ( SO ),Lindi & F.lli srl,680000
501521,LOMBARDIA X FEDE,Via delle Scuole  23020 Montagna in Valtellina ( SO ),CRT Group srl,1441000
501562,LOMBARDIA X FEDE,Via Viganò 1  22100 Como ( CO ),Mazzucchi Costruzioni srl,9000000
501679,LOMBARDIA X FEDE,Via Calabria  20158 Milano ( MI ),House & Works srl,3000000
501683,LOMBARDIA X FEDE,Via Barnaba Oriani 58  20156 Milano ( MI ),COEMI Coop Edile Muratori srl,6000000
501806,LOMBARDIA X FEDE,P.le Fratelli Zavattari 12  20149 Milano ( MI ),CEV SpA,8000000
502025,LOMBARDIA X FEDE,Via Cardinal Giulio Bevilacqua  25046 Cazzago San Martino ( BS ),Capogruppo ATI,2468000
502102,LOMBARDIA X FEDE,Via Monte Sordo  21019 Somma Lombardo ( VA ),Koliba srl,1200000
502520,LOMBARDIA X FEDE,Via Filzi  20841 Carate Brianza ( MB ),Paladino Costruzioni srl,837000
502675,LOMBARDIA X FEDE,Via Caravaggio  25028 Verolanuova ( BS ),Lucchini Costruzioni srl,2500000
502677,LOMBARDIA X FEDE,Loc. Budrie  25028 Verolanuova ( BS ),Lucchini Costruzioni srl,2300000
502858,LOMBARDIA X FEDE,Via Circonvallazione 14bis  46027 San Benedetto Po ( MN ),Martinotti Prefabbricati srl,683000
503054,LOMBARDIA X FEDE,Via Carducci  20832 Desio ( MB ),EdilGrande srl,543000
503287,LOMBARDIA X FEDE,Via Luigi Mangiagalli 3  20133 Milano ( MI ),COEMI Coop Edile Muratori srl,
503296,LOMBARDIA X FEDE,Via Giovanni XXIII  24040 Madone ( BG ),Roncelli Group srl,3000000
503757,LOMBARDIA X FEDE,P.le Archinto  20159 Milano ( MI ),Edil BB srl,5000000
503774,LOMBARDIA X FEDE,Via Pergine  21100 Varese ( VA ),Hana srl; Inarco srl,5438000
503846,LOMBARDIA X FEDE,Via Egidio Folli 24  20134 Milano ( MI ),Coccia Costruzioni srl,7300000
503930,LOMBARDIA X FEDE,Via Lombardia 68  20015 Parabiago ( MI ),Kostruire srl,3000000
504025,LOMBARDIA X FEDE,Via Fenice 5  25049 Iseo ( BS ),PR Edil Group srl,600000
504423,LOMBARDIA X FEDE,Via Paolo Uccello 22  20148 Milano ( MI ),Di Vincenzo Dino & C SpA DVC,1400000
504444,LOMBARDIA X FEDE,Via Camillo Benso Conte di Cavour 55  20040 Cambiago ( MI ),SIR srl,2000000
504448,LOMBARDIA X FEDE,Via Circonvallazione 21  24055 Cologno al Serio ( BG ),Impresa Edile Virgilio Gherardi srl,2435000
504464,LOMBARDIA X FEDE,Via Castellana  24050 Zanica ( BG ),Notarimpresa SpA,6000000
504493,LOMBARDIA X FEDE,Via Solari 40  20144 Milano ( MI ),Capogruppo ATI; GiDoGi srl,7971000
504496,LOMBARDIA X FEDE,loc. Isella  23862 Civate ( LC ),Paladino Costruzioni srl,549000
504589,LOMBARDIA X FEDE,Via A. Manzoni  25040 Gianico ( BS ),Rag Costruzioni Srl,1732000
504965,LOMBARDIA X FEDE,Via Dordo  24040 Bonate Sopra ( BG ),FA Costruzioni srl,2000000
505017,LOMBARDIA X FEDE,Via Sauro  20021 Baranzate ( MI ),Techne SpA,1971000
505058,LOMBARDIA X FEDE,Via Desenzano  25087 Salò ( BS ),Kronos srl,3500000
505062,LOMBARDIA X FEDE,Via Mar Jonio 9  20148 Milano ( MI ),Iazzetta Costruzioni srl,2343000
505067,LOMBARDIA X FEDE,Via Santa Marta 1  20123 Milano ( MI ),Pagotto Alfredo Servizi srl,5000000
505269,LOMBARDIA X FEDE,Via Roncaglia 8  20146 Milano ( MI ),Sercos SpA,6000000
505409,LOMBARDIA X FEDE,Via Giosuè Carducci  26831 Casalmaiocco ( LO ),Gardenia srl,10000000
505510,LOMBARDIA X FEDE,Via G. Antonini 32  20141 Milano ( MI ),IMPRECOM srl,20000000
505681,LOMBARDIA X FEDE,L.go Madre Agata Carelli  26100 Cremona ( CR ),Ediltor srl,3971000
505970,LOMBARDIA X FEDE,Via Giacomo Watt 15  20143 Milano ( MI ),Borio Mangiarotti SpA,16000000
506032,LOMBARDIA X FEDE,Via Bettoni  25055 Pisogne ( BS ),Italactive srl,732000
506109,LOMBARDIA X FEDE,Fr.Cunettone  25087 Salò ( BS ),ABP Nocivelli SpA; Capogruppo ATI; LTL Labortatorio Tecnologico Lombardo srl,10617000
506324,LOMBARDIA X FEDE,Loc. Villa Pompea 1  20051 Cassina de' Pecchi ( MI ),AMK srl,1500000
506329,LOMBARDIA X FEDE,Via San Francesco d'Assisi  20862 Arcore ( MB ),Erocra srl,750000
506664,LOMBARDIA X FEDE,Via Manzoni 142  25040 Esine ( BS ),ArCo Lavori s.coop.consortile,1052000
506729,LOMBARDIA X FEDE,V.le Cremona 201  27100 Pavia ( PV ),Costrua srl,3500000
506772,LOMBARDIA X FEDE,Via Peschiera  25033 Cologne ( BS ),Kostruire srl,5000000
506807,LOMBARDIA X FEDE,Via Casale  24060 Torre de' Roveri ( BG ),Gruppo Piramide SpA,10000000
506968,LOMBARDIA X FEDE,Via Statale dei Giovi  22070 Grandate ( CO ),Bragagnolo srl,600000
507048,LOMBARDIA X FEDE,Via Valleambrosia  20089 Rozzano ( MI ),CMB Coop Muratori e Braccianti di Carpi srl,11500000
507069,LOMBARDIA X FEDE,Q.re Sanpolino  25121 Brescia ( BS ),CONCOS Consorzio Costruttori Santarcangelo; Capogruppo ATI; FL Costruzioni e Autotrasporti srl; Giudici SpA,6650000
507082,LOMBARDIA X FEDE,Via Gentile  22014 Dongo ( CO ),Quadrifoglio srl,5231000
507251,LOMBARDIA X FEDE,Via Risorgimento  20030 Senago ( MI ),Raveggi srl; integrato,1312000
507489,LOMBARDIA X FEDE,P.za Alfieri  20100 Milano ( MI ),Impresa Percassi SpA,37500000
507791,LOMBARDIA X FEDE,Via Corridoni 9  25128 Brescia ( BS ),CME Consorzio Imprenditori Edili s.coop.,1254000
507924,LOMBARDIA X FEDE,Via Kennedy 8  24040 Bottanuco ( BG ),Artedil di Campennì Rocco & C srl,5230000
508056,LOMBARDIA X FEDE,Via Carlo Bazzi 51  20141 Milano ( MI ),Noldem SpA,4500000
508057,LOMBARDIA X FEDE,Via Bellini 8  20122 Milano ( MI ),Pegaso srl,3000000
508058,LOMBARDIA X FEDE,Via Capecelatro 6  20148 Milano ( MI ),RT Costruzioni srl,3000000
508330,LOMBARDIA X FEDE,Via Monte Sabini 11  20141 Milano ( MI ),Edil BB srl,3500000
508388,LOMBARDIA X FEDE,Via Malipiero 12  20138 Milano ( MI ),Cogeb srl,8000000
508557,LOMBARDIA X FEDE,Via Molinetto  20063 Cernusco sul Naviglio ( MI ),Edilvit srl,10000000
508567,LOMBARDIA X FEDE,Via Varesina 76  20156 Milano ( MI ),Cogeb srl,6000000
508583,LOMBARDIA X FEDE,Loc. San Quirico  25080 Muscoline ( BS ),D'aniello Scavi e Costruzioni,2500000
508672,LOMBARDIA X FEDE,Via Empedocle 10  20128 Milano ( MI ),Coccia Costruzioni srl,8000000
508755,LOMBARDIA X FEDE,Via Toscanini 6  24129 Bergamo ( BG ),ICG Iozzino Costruzioni Generali srl,1323000
508757,LOMBARDIA X FEDE,Via Mozart  24126 Bergamo ( BG ),ICG Iozzino Costruzioni Generali srl,1494000
508758,LOMBARDIA X FEDE,Via Isabello  24125 Bergamo ( BG ),ICG Iozzino Costruzioni Generali srl,1673000
508759,LOMBARDIA X FEDE,Via Biava 24/A  24123 Bergamo ( BG ),Casaviva srl,1572000
508876,LOMBARDIA X FEDE,Via Follerau 1  25083 Gardone Riviera ( BS ),Sartec srl,2180000
508885,LOMBARDIA X FEDE,Via Giovanni Palatucci   20142 Milano ( MI ),Capitalfin Holding; Ediltecno Restauri srl,30000000
508887,LOMBARDIA X FEDE,Via Fermi 11  24068 Seriate ( BG ),Consorzio Stabile Energos,
508888,LOMBARDIA X FEDE,Via Buonarroti 22  24068 Seriate ( BG ),Capogruppo ATI; Consorzio Stabile Energos,2611000
509409,LOMBARDIA X FEDE,Via Trasimeno 86  20128 Milano ( MI ),Soledil srl,4000000
509484,LOMBARDIA X FEDE,Via delle Risaie  20079 Basiglio ( MI ),Gruppo Koni srl,21000000
509578,LOMBARDIA X FEDE,Via Arriga Alta  25017 Lonato del Garda ( BS ),Capogruppo ATI; LTL Labortatorio Tecnologico Lombardo srl; Pavoni SpA,6100000
509585,LOMBARDIA X FEDE,Via Paul Harris 11  26041 Casalmaggiore ( CR ),Impresa Edile Luzzara Romano e Figlio snc,600000
509589,LOMBARDIA X FEDE,Via Gosa 74  25085 Gavardo ( BS ),ABP Nocivelli SpA; Capogruppo ATI; LTL Labortatorio Tecnologico Lombardo srl,8031000
509614,LOMBARDIA X FEDE,Via Malta 42  25124 Brescia ( BS ),Mapen srl,10000000
509682,LOMBARDIA X FEDE,Via Mirandola angolo via Europa  20070 Cerro al Lambro ( MI ),Capogruppo ATI,1847000
509752,LOMBARDIA X FEDE,Via Turbada 12  23900 Lecco ( LC ),CRS Impianti e Costruzioni SpA; Capogruppo ATI; Legnotech SpA,5618000
509772,LOMBARDIA X FEDE,Via Maffei 53  23100 Sondrio ( SO ),CFC Srl; Consorzio Artek,2423000
509773,LOMBARDIA X FEDE,Via Maffei 43  23100 Sondrio ( SO ),CFC Srl; Consorzio Artek,2704000
509775,LOMBARDIA X FEDE,Via Maffei 80   23100 Sondrio ( SO ),CFC Srl; Consorzio Artek,2859000
510102,LOMBARDIA X FEDE,Via Zuera  24069 Trescore Balneario ( BG ),Impresa Milesi Geom Sergio srl,4037000
510123,LOMBARDIA X FEDE,Via Moia  25075 Nave ( BS ),Edilcostruzioni Group srl,2223000
510217,LOMBARDIA X FEDE,Via Artigianale  25082 Botticino ( BS ),Viridis Group SpA,954000
510413,LOMBARDIA X FEDE,Via Diaz  20834 Nova Milanese ( MB ),DM Costruzioni Generali srl,6000000
510473,LOMBARDIA X FEDE,Via Brasile  20096 Pioltello ( MI ),Vinci srl,4000000
510501,LOMBARDIA X FEDE,Via Goldoni  25082 Botticino ( BS ),Filva Costruzioni srl,1200000
510563,LOMBARDIA X FEDE,Via Trieste  24035 Curno ( BG ),GMG Centro Edile srl,9000000
510724,LOMBARDIA X FEDE,Via F.lli de Giuli 1  25024 Leno ( BS ),PMM srl,
510813,LOMBARDIA X FEDE,V.le Fratelli Casiraghi 508  20099 Sesto San Giovanni ( MI ),SMV Costruzioni srl,9200000
510822,LOMBARDIA X FEDE,Via Timavo  23900 Lecco ( LC ),Capogruppo ATI; Idrotermica Langella srl; Neos Restauri srl; Poggio Impianti snc,1282000
511178,LOMBARDIA X FEDE,Via Garibaldi 12  46046 Medole ( MN ),Tabai Geom. Andrea Impresa Edile,562000
511189,LOMBARDIA X FEDE,Via dei Gigli  20072 Pieve Emanuele ( MI ),Spinosa Costruzioni Generali Srl; aggiudicato mediante sottoscrizione di accordo quadro con,1016000
511209,LOMBARDIA X FEDE,Loc.Bersaglio   24062 Costa Volpino ( BG ),SPAM srl,778000
511245,LOMBARDIA X FEDE,Via Galileo Ferraris  20021 Bollate ( MI ),Green Coop Società Cooperativa Edilizia,5800000
511329,LOMBARDIA X FEDE,Via Parravicini 1/3  20125 Milano ( MI ),Broglio 21 srl,
511343,LOMBARDIA X FEDE,Via Salvator Allende  20060 Masate ( MI ),Replas Costruzioni srl,2400000
511476,LOMBARDIA X FEDE,Via Gosa traversa via Toresella 1  25085 Gavardo ( BS ),Gemmo SpA,627000
511540,LOMBARDIA X FEDE,Via Sant'Anna  20861 Brugherio ( MB ),Habitat di Casale Francesco,1061000
511771,LOMBARDIA X FEDE,Via Mariano  22060 Novedrate ( CO ),Finocchiaro Costruzioni srl,2932000
511938,LOMBARDIA X FEDE,Via Capecelatro  20148 Milano ( MI ),ImpreDo SpA,15000000
511968,LOMBARDIA X FEDE,Via Soffredini 75  20126 Milano ( MI ),Luxury Restauri e Ristrutturazioni srl; Progress SpA,3000000
512006,LOMBARDIA X FEDE,Via Elia  24020 Ranica ( BG ),Edilstrade srl,800000
512066,LOMBARDIA X FEDE,Via Ronco  21040 Carnago ( VA ),Costigliola Antonio srl,3786000
512205,LOMBARDIA X FEDE,Via Cadore  20900 Monza ( MB ),Engeco srl,15000000
512252,LOMBARDIA X FEDE,Via Santa Scolastica  25018 Montichiari ( BS ),Bollita Costruzioni soc.cvoop.; Consorzio Nazionale Coop.Produzione Lavoro Ciro; Edilcasa Soc.Coop; Emma Lavori s.coop rl; ICoNa Soc. Coop.; La Cascina Costruzioni Srl; MACOS Soc. Coop.; Tregi Soc. Coop. Consortile,941000
512273,LOMBARDIA X FEDE,Via Santa Giulia  25062 Concesio ( BS ),ICEF srl Impresa Costruzioni Edili Frattini,2915000
512333,LOMBARDIA X FEDE,Via Bindellera  20861 Brugherio ( MB ),GE Homes,8000000
512387,LOMBARDIA X FEDE,Via Isonzo 3  20095 Cusano Milanino ( MI ),Valefra srl,5000000
512511,LOMBARDIA X FEDE,Via Circonvallazione Est  24040 Stezzano ( BG ),Rota Nodari F.lli SpA,4000000
512643,LOMBARDIA X FEDE,Via Montenevoso 2  20131 Milano ( MI ),Costruendo Milano srl,4000000
512803,LOMBARDIA X FEDE,Via Aldini 72  20157 Milano ( MI ),Cipiemme srl,1376000
512888,LOMBARDIA X FEDE,Via Verdi  20049 Settala ( MI ),Imprima Lavori srl,648000
512904,LOMBARDIA X FEDE,Via Roma  26018 Trigolo ( CR ),Viviani Impianti srl,
512966,LOMBARDIA X FEDE,Via Piacenza 52/C  26013 Crema ( CR ),Cospec srl,3676000
513023,LOMBARDIA X FEDE,Via Durando  20158 Milano ( MI ),Carron SpA,20000000
513066,LOMBARDIA X FEDE,Via Leonardo da Vinci 7  24047 Treviglio ( BG ),Impresa Costruzioni Geom Ghidelli,800000
513123,LOMBARDIA X FEDE,Via Monti  22036 Erba ( CO ),Como Contract srl,5000000
513152,LOMBARDIA X FEDE,Via Roma 16  24018 Villa d'Almè ( BG ),DMC Costruzioni srl,567000
513153,LOMBARDIA X FEDE,Via Garibaldi 13/15  24122 Bergamo ( BG ),Cividini Ing&Co srl,1744000
513250,LOMBARDIA X FEDE,Via Bellini 5  20064 Gorgonzola ( MI ),Capogruppo ATI; Meridionale Impianti SpA,5388000
513376,LOMBARDIA X FEDE,Via Cerro Maggiore  20027 Rescaldina ( MI ),Carmar srl,1500000
513400,LOMBARDIA X FEDE,Via Alfonso Lamarmora 10  20122 Milano ( MI ),GKSD Edile SpA; Reald srl,8000000
513404,LOMBARDIA X FEDE,Via Don Silvio Marzorati 22  21047 Saronno ( VA ),Boaglio Costruzioni srl,8000000
513502,LOMBARDIA X FEDE,Via Belvedere  21035 Cunardo ( VA ),Impresa Edile Negri srl,600000
513604,LOMBARDIA X FEDE,Via Lomonaco  27100 Pavia ( PV ),Damiani Costruzioni srl; integrato,6697000
513908,LOMBARDIA X FEDE,Via Innocenta  25015 Desenzano del Garda ( BS ),Femm srl,7000000
513913,LOMBARDIA X FEDE,Via Marangoni  20813 Bovisio-Masciago ( MB ),Artedil srl,2560000
513974,LOMBARDIA X FEDE,Via Resegone  20025 Legnano ( MI ),IDC Costruzioni srl,2000000
514035,LOMBARDIA X FEDE,P.za Donatori di Sangue  25024 Leno ( BS ),ABP Nocivelli SpA; Capogruppo ATI; LTL Labortatorio Tecnologico Lombardo srl + Pavoni SpA,17436000
514067,LOMBARDIA X FEDE,Via Napoleona 60  22100 Como ( CO ),Multi Manutenzione srl,2109000
514185,LOMBARDIA X FEDE,Loc.Montecroce  25015 Desenzano del Garda ( BS ),Capogruppo ATI; Dussmann Service Italia,2309000
514209,LOMBARDIA X FEDE,Via Schenavoglia  20083 Gaggiano ( MI ),Attività Edilizie Bergamasche srl,5000000
514325,LOMBARDIA X FEDE,Via Grimani 1  25028 Verolanuova ( BS ),Capogruppo ATI; Pavoni SpA,872000
514367,LOMBARDIA X FEDE,Via General Cantore  46029 Suzzara ( MN ),Bottoli Costruzioni srl,6970000
514475,LOMBARDIA X FEDE,Via F.lli Cervi 201  20054 Segrate ( MI ),AFEP srl; ITM Consorzio Stabile,5482000
514493,LOMBARDIA X FEDE,Via Fratelli Calvi 42  25056 Ponte di Legno ( BS ),Tasca srl,2610000
514549,LOMBARDIA X FEDE,V.le Paolo Onorato Vigliani 51  20148 Milano ( MI ),Edil-Eco srl,3000000
514585,LOMBARDIA X FEDE,P.za della Repubbblica  26020 Formigara ( CR ),Consorzio Artea,600000
515165,LOMBARDIA X FEDE,Via Varese 16  20121 Milano ( MI ),C&f Developments Italia srl; Geotech srl,6500000
515209,LOMBARDIA X FEDE,Via Val d'Ossola  20900 Monza ( MB ),Di Vincenzo Dino & C SpA DVC,2500000
515211,LOMBARDIA X FEDE,Via Modigliani 14  20900 Monza ( MB ),Forberg srl,5000000
515345,LOMBARDIA X FEDE,Via Volta  23880 Casatenovo ( LC ),Radaelli Costruzioni srl,786000
515362,LOMBARDIA X FEDE,P.le Selinunte 6  20100 Milano ( MI ),Aircom srl; integrato,3608000
515524,LOMBARDIA X FEDE,Via Passo del Mortirolo  20836 Briosco ( MB ),Euroedil srl,600000
515755,LOMBARDIA X FEDE,Via Garibaldi  22070 Montano Lucino ( CO ),Teicos UE srl,1358000
515946,LOMBARDIA X FEDE,Via Papa Pio V  27058 Voghera ( PV ),Edilcosma Costruzioni srl,3000000
516139,LOMBARDIA X FEDE,P.za Foglia  20089 Rozzano ( MI ),Seli Manutenzioni Generali Srl; integrato,3887000
516187,LOMBARDIA X FEDE,Via W.Valdi   20873 Cavenago di Brianza ( MB ),Edil Live Costruzioni srl,1500000
516226,LOMBARDIA X FEDE,Via Comune Antico 44  20125 Milano ( MI ),Infraedil srl,3000000
516248,LOMBARDIA X FEDE,Via Foscolo 14  25015 Desenzano del Garda ( BS ),Impredima srl,731000
516454,LOMBARDIA X FEDE,"via del Polaresco, 19  24129 Bergamo ( BG )",Benis Costruzioni srl,2240000
516455,LOMBARDIA X FEDE,Via C.Berizzi 1  24030 Presezzo ( BG ),Roggeri Costruzioni srl,2252000
516457,LOMBARDIA X FEDE,Via Caduti di Nassiriya  24058 Romano di Lombardia ( BG ),Sicebergamo srl,1077000
516573,LOMBARDIA X FEDE,Via Bagatta 6  25127 Brescia ( BS ),FL Costruzioni e Autotrasporti srl,2668000
516594,LOMBARDIA X FEDE,Via Carducci 43  20010 Buscate ( MI ),DeBo 3 srl,1252000
516762,LOMBARDIA X FEDE,Via Adua  20063 Cernusco sul Naviglio ( MI ),Immobiliare le Serre srl,8000000
516771,LOMBARDIA X FEDE,Via San Carlo  20010 Santo Stefano Ticino ( MI ),MAPE Costruzioni Edili srl,5500000
516906,LOMBARDIA X FEDE,S.P. 30  20082 Noviglio ( MI ),Moretti SpA; Techbau SpA,50000000
517078,LOMBARDIA X FEDE,Via Segheria   25050 Temù ( BS ),Costruzioni Belometti srl; SGB srl,500000
517084,LOMBARDIA X FEDE,Via S.Siro  21018 Sesto Calende ( VA ),Tabano srl,2692000
517126,LOMBARDIA X FEDE,Via Dell'Albarotto  24069 Trescore Balneario ( BG ),Picenni F.lli snc,2800000
517222,LOMBARDIA X FEDE,Via Maria Montessori  20865 Usmate Velate ( MB ),SG Costruzioni srl,1800000
517550,LOMBARDIA X FEDE,Via Settembrini 4  20124 Milano ( MI ),Capogruppo ATI; Multi Manutenzione srl; PERTOT srl Ecologia/Servizi,1668000
517647,LOMBARDIA X FEDE,Via Ravenna 14  20139 Milano ( MI ),Luxury Restauri e Ristrutturazioni srl,2000000
517651,LOMBARDIA X FEDE,Via Gallarate 48  20151 Milano ( MI ),Vitruvius & Partners srl,7000000
517703,LOMBARDIA X FEDE,Via Hajech 43  20129 Milano ( MI ),ME Costruzioni Generali srl,4000000
518003,LOMBARDIA X FEDE,Via Crespi 28  20159 Milano ( MI ),Sant'Ilario Società Cooperativa Edilizia,11000000
518106,LOMBARDIA X FEDE,V.le Brianza 123  20814 Varedo ( MB ),PMM srl,2488000
518216,LOMBARDIA X FEDE,Via Elba 6  25124 Brescia ( BS ),Zato srl,1400000
518220,LOMBARDIA X FEDE,Via Pasubio 10  20081 Abbiategrasso ( MI ),Coop Arte Edile Abbiategrasso,2500000
518292,LOMBARDIA X FEDE,Via Montello  21043 Castiglione Olona ( VA ),Impresa Edile Ventura Cristoforo srl,600000
518315,LOMBARDIA X FEDE,Via Antonio Lecchi  20100 Milano ( MI ),ALC srl,600000
518609,LOMBARDIA X FEDE,C.so Promessi Sposi  23900 Lecco ( LC ),Cividini Ing&Co srl,7500000
518619,LOMBARDIA X FEDE,Via Mameli  20813 Bovisio-Masciago ( MB ),Barra Costruzioni srl,5000000
518701,LOMBARDIA X FEDE,Via Cannero 5  20159 Milano ( MI ),Aurea Costruzioni srl,2500000
518793,LOMBARDIA X FEDE,V.le Marconi  26845 Codogno ( LO ),Multi Manutenzione srl; integrato,1664000
518859,LOMBARDIA X FEDE,Via della Resistenza  20090 Buccinasco ( MI ),Edilvit srl,4500000
518925,LOMBARDIA X FEDE,Via Sorlini  25062 Concesio ( BS ),Gielle Costruzioni srl,3500000
519061,LOMBARDIA X FEDE,Via Mascagni  22036 Erba ( CO ),Curti Impresa Edile srl,3200000
519079,LOMBARDIA X FEDE,Via Domma Rosa  20855 Lesmo ( MB ),Consorzio Stabile Ventimaggio soc.consortile arl,510000
519107,LOMBARDIA X FEDE,Via Taramelli  27100 Pavia ( PV ),ITI Impresa Generale SpA; integrato,47483000
519272,LOMBARDIA X FEDE,Via Zette  25087 Salò ( BS ),Costruzioni Ayrion srl,50000000
519314,LOMBARDIA X FEDE,Via C.Battisti  24030 Brembate di Sopra ( BG ),Edilcolombelli srl,1000000
519316,LOMBARDIA X FEDE,Via Fermi  24050 Zanica ( BG ),Previtali & Vitali,3360000
519318,LOMBARDIA X FEDE,S.P. 122  24050 Ghisalba ( BG ),Bergamelli srl,12000000
519344,LOMBARDIA X FEDE,Via Marchesina   20090 Trezzano sul Naviglio ( MI ),Cuccu srl,10000000
519390,LOMBARDIA X FEDE,C.so Roma  24068 Seriate ( BG ),Costruzioni Lago Srl,5309000
519536,LOMBARDIA X FEDE,Via Ponte Nuovo 100   20128 Milano ( MI ),InTech SpA - Società Benefit; MCI srl,9000000
519815,LOMBARDIA X FEDE,Via Vanoncini 20  24038 Sant'Omobono Terme ( BG ),Viviani Impianti srl,1704000
519996,LOMBARDIA X FEDE,Via Cassanese  20054 Segrate ( MI ),Ferretti Casa SpA,15000000
520032,LOMBARDIA X FEDE,Via Ubertosa 1  25047 Darfo Boario Terme ( BS ),Green Cantieri srl,1285000
520099,LOMBARDIA X FEDE,Via Rovetta 29  25028 Verolanuova ( BS ),Baronchelli Costruzioni Generali srl; Opera Consorzio Stabile scarl,1545000
520284,LOMBARDIA X FEDE,Via Brescia  25086 Rezzato ( BS ),Comaco di Colosio Mario & C sas,1200000
520297,LOMBARDIA X FEDE,Via Molino Vecchio  24020 Scanzorosciate ( BG ),Giama Immobiliare srl,1500000
520311,LOMBARDIA X FEDE,Via de Gasperi 25  20009 Vittuone ( MI ),Edilba srl,2000000
520321,LOMBARDIA X FEDE,Via Enrico Fermi 8  20057 Assago ( MI ),Costruzioni Perregrini srl,5000000
520389,LOMBARDIA X FEDE,Via Vincenzo Da Seregno 21  20161 Milano ( MI ),FP Costruzioni srl,2500000
520489,LOMBARDIA X FEDE,Via Borghi  20025 Legnano ( MI ),Arkedile srl,2000000
520524,LOMBARDIA X FEDE,Via Einstein  20035 Villa Cortese ( MI ),Bianchi Precast Group,2000000
520526,LOMBARDIA X FEDE,Via Brera  21040 Uboldo ( VA ),Bioedile,800000
520528,LOMBARDIA X FEDE,Via Pietro Madonini 16  21040 Uboldo ( VA ),Bioedile,1300000
520633,LOMBARDIA X FEDE,Via Panoramica 143  25123 Brescia ( BS ),MG Costruzioni srl,1000000
520652,LOMBARDIA X FEDE,V.le Golgi 5  27100 Pavia ( PV ),Capogruppo ATI; Meridionale Impianti SpA,3901000
520762,LOMBARDIA X FEDE,Via Bottini  20025 Legnano ( MI ),Quality House srl,5000000
520941,LOMBARDIA X FEDE,Loc.San Bernardino  23026 Ponte in Valtellina ( SO ),Edilpol srl,
520977,LOMBARDIA X FEDE,Via Ponte Vecchio 6  20128 Milano ( MI ),Germano Costruzioni srl,2000000
521033,LOMBARDIA X FEDE,Via Gentile Bellini 8  20146 Milano ( MI ),Pegaso srl,3000000
521093,LOMBARDIA X FEDE,Via Grossi 21  20015 Parabiago ( MI ),MDG Immobiliare srl,1200000
521101,LOMBARDIA X FEDE,P.za Ovidio 4  20138 Milano ( MI ),Ba.Ia srl,4000000
521234,LOMBARDIA X FEDE,Via Acerbi 34  20161 Milano ( MI ),Redal Costruzioni srl,4500000
521280,LOMBARDIA X FEDE,Via delle Tofane  24125 Bergamo ( BG ),Impresa Edile Virgilio Gherardi srl,
521558,LOMBARDIA X FEDE,Via Meriggio  23100 Sondrio ( SO ),Bonfadini Costruzioni srl,7000000
521602,LOMBARDIA X FEDE,Via Morandi  27058 Voghera ( PV ),Costruzioni Ingg. Penzi SpA,2340000
521660,LOMBARDIA X FEDE,Via Sant'Ambrogio 21  24127 Bergamo ( BG ),Vittoria Costruzioni Group,4800000
521723,LOMBARDIA X FEDE,Via Vittorio Veneto 25  22075 Lurate Caccivio ( CO ),Barone Costruzioni srl,1000000
521973,LOMBARDIA X FEDE,Via Leonardo Da Vinci  20018 Sedriano ( MI ),Bramante Immobiliare srl,2500000
522212,LOMBARDIA X FEDE,Via Impastato 27  20138 Milano ( MI ),Autelcom SpA,3931000
522222,LOMBARDIA X FEDE,Via Stretta 28  25128 Brescia ( BS ),New Age Properties srl,4000000
522233,LOMBARDIA X FEDE,Via Morgagni 19  20129 Milano ( MI ),C Group Engineering srl,1700000
522380,LOMBARDIA X FEDE,Via San Sebastiano  20011 Corbetta ( MI ),Prisma Costruzioni srl,1000000
522418,LOMBARDIA X FEDE,V.le Sardegna 23  21052 Busto Arsizio ( VA ),Gherardi Costruzioni srls,2800000
522447,LOMBARDIA X FEDE,Via Teramo 16  20142 Milano ( MI ),BRB Costruzioni Edili srl,2500000
522565,LOMBARDIA X FEDE,Via Sostegno  25124 Brescia ( BS ),Girelli Costruzioni srl,4500000
522696,LOMBARDIA X FEDE,Via Magenta 19  23871 Lomagna ( LC ),Edil 13 srl,2240000
522739,LOMBARDIA X FEDE,Via Benaco  25081 Bedizzole ( BS ),Ediltecno Collenghi snc di Collenghi Sandro & C,1300000
523180,LOMBARDIA X FEDE,Via Italia  20083 Gaggiano ( MI ),AL Costruzioni srl,1500000
523232,LOMBARDIA X FEDE,Via Borgazzi 37  20900 Monza ( MB ),Eurocostruzioni Group scarl; integrato,752000
523245,LOMBARDIA X FEDE,Via Cesare Battisti 7  24060 Credaro ( BG ),Rag Costruzioni Srl; Real Italy Cons.Stabile scarl,1150000
523286,LOMBARDIA X FEDE,Via Luigi Magrini 10  24122 Bergamo ( BG ),Sistema Costruzioni srl,7360000
523306,LOMBARDIA X FEDE,Via Milano 278  21017 Samarate ( VA ),CiMa Costruzioni sas di Mazzitelli Rocco & C,600000
523312,LOMBARDIA X FEDE,Via Medici 45  20900 Monza ( MB ),Progeco srl,1760000
523485,LOMBARDIA X FEDE,Via Turoldo 74  20065 Inzago ( MI ),Anna Costruzioni srl,1000000
523641,LOMBARDIA X FEDE,P.za Italia  46020 Quingentole ( MN ),Capogruppo ATI; Pro Service Costruzioni Srl; ReCo srl,1128000
523734,LOMBARDIA X FEDE,Via Luisa Battistotti Sassi 10  20100 Milano ( MI ),Ad Archdesign srl; IN & CO srl,2800000
523770,LOMBARDIA X FEDE,Via Padre Kolbe  20035 Villa Cortese ( MI ),Edilcomfort srl Unipersonale,3000000
523792,LOMBARDIA X FEDE,Via Carlo Boncompagni 51/2  20139 Milano ( MI ),Coprima srl,3000000
523839,LOMBARDIA X FEDE,Via IV Novembre  21043 Castiglione Olona ( VA ),Aram srl,4000000
523853,LOMBARDIA X FEDE,Via Carducci  20855 Lesmo ( MB ),Edil GiBe srl,2000000
523873,LOMBARDIA X FEDE,Via Monterosa 10  20831 Seregno ( MB ),Todisco Costruzioni srl,1030000
523877,LOMBARDIA X FEDE,Via Pozzo 24  22069 Rovellasca ( CO ),F.lli Bernasconi snc,1600000
523898,LOMBARDIA X FEDE,Via Sirtori  22100 Como ( CO ),Nessi & Majocchi SpA,8000000
523929,LOMBARDIA X FEDE,V.le Papiniano 48  20123 Milano ( MI ),Murè Costruzioni srl,3000000
523931,LOMBARDIA X FEDE,Via Soffredini 47  20126 Milano ( MI ),Fama Costruzioni Generali srl,4000000
523934,LOMBARDIA X FEDE,Via Baroni 190  20142 Milano ( MI ),Cospe srl,5000000
523951,LOMBARDIA X FEDE,Via Muzio Clementi  20900 Monza ( MB ),Racco Group SpA,2800000
523953,LOMBARDIA X FEDE,Via Battisti 24  20010 Marcallo con Casone ( MI ),Rossi Costruzioni srl,2000000
524034,LOMBARDIA X FEDE,Via Nizzoli 4  20147 Milano ( MI ),Domus Service Co srl,3500000
524082,LOMBARDIA X FEDE,Via Ippocrate 45  20100 Milano ( MI ),Viola Costruzioni srl,1579000
524281,LOMBARDIA X FEDE,Via Rovereto 7  20871 Vimercate ( MB ),Baraclit SpA,4000000
524304,LOMBARDIA X FEDE,Via Prato Grassi  23017 Morbegno ( SO ),L'Operosa SpA,1464000
524307,LOMBARDIA X FEDE,Via Carnovali 73  24059 Urgnano ( BG ),Ricam Group srl,891000
524351,LOMBARDIA X FEDE,Via Bonazzi   46035 Ostiglia ( MN ),Consorzio Stabile Galileo soc.cons.arl,1464000
524373,LOMBARDIA X FEDE,Via Pascarella  20157 Milano ( MI ),Mapen srl,8000000
524466,LOMBARDIA X FEDE,Via Garibaldi  46024 Moglia ( MN ),S.Abba srl,1249000
524620,LOMBARDIA X FEDE,Via Ciardi 9  20148 Milano ( MI ),Devero Costruzioni SpA; Impresa Rusconi Carlo srl,10000000
524769,LOMBARDIA X FEDE,Via XXIV Maggio  24036 Ponte San Pietro ( BG ),Marlegno srl,3000000
525101,LOMBARDIA X FEDE,Via Cornicione  20026 Novate Milanese ( MI ),Miculi srl,3800000
525171,LOMBARDIA X FEDE,Via Gramsci 12  20037 Paderno Dugnano ( MI ),Duemme Costruzioni srl,1500000
525482,LOMBARDIA X FEDE,Via Balduccio da Pisa 12  20139 Milano ( MI ),Impresa di costruzioni Ing. Raffaello Pellegrini Srl,17000000
525584,LOMBARDIA X FEDE,Via Guglielmo Pepe 3   21052 Busto Arsizio ( VA ),Notarimpresa SpA,5938000
525653,LOMBARDIA X FEDE,Via Galilei  26900 Lodi ( LO ),Lodi Shore srl,1200000
525674,LOMBARDIA X FEDE,Via Fumagalli 32  20862 Arcore ( MB ),Sula Costruzioni srl,800000
526111,LOMBARDIA X FEDE,P.za Comunale 31  20048 Pantigliate ( MI ),Impredima srl,550000
526210,LOMBARDIA X FEDE,Via Montelungo  20900 Monza ( MB ),VSV di Vavassori Giovanni & Coc snc,2560000
526218,LOMBARDIA X FEDE,Via Nievo  20063 Cernusco sul Naviglio ( MI ),Zucchetti srl,1000000
526272,LOMBARDIA X FEDE,Via dei Lavoratori 42  20094 Corsico ( MI ),Multi Manutenzione srl,2796000
526412,LOMBARDIA X FEDE,Via Tentorio 21  22100 Como ( CO ),Zani srl,8000000
526423,LOMBARDIA X FEDE,Via Alfieri 7  20154 Milano ( MI ),Grattacielo srls,1600000
526424,LOMBARDIA X FEDE,Via Arona 15  20149 Milano ( MI ),Edil Ferri SpA,10000000
526425,LOMBARDIA X FEDE,Via Nizzoli 8  20147 Milano ( MI ),Aseco srl,11000000
526442,LOMBARDIA X FEDE,Via dell'Industria  20090 Buccinasco ( MI ),Ibt Edile sas di Tallarico Vincenzo e C,2500000
526488,LOMBARDIA X FEDE,Via Astesani  20161 Milano ( MI ),Gdf System,12000000
526506,LOMBARDIA X FEDE,Via Gemona  24021 Albino ( BG ),Edilnova Costruzioni srl,1500000
526644,LOMBARDIA X FEDE,Via Muggiasca  20872 Cornate d'Adda ( MB ),Gianluca srl,960000
526647,LOMBARDIA X FEDE,Via Zoia  20100 Milano ( MI ),ArCo Lavori s.coop.consortile; Hana srl,6298000
526706,LOMBARDIA X FEDE,Via Salita Andrea Brenta  22010 Argegno ( CO ),Aida srl,800000
526712,LOMBARDIA X FEDE,Via XXV Aprile  22029 Uggiate con Ronago ( CO ),Costruire srl,900000
526716,LOMBARDIA X FEDE,Via XXIV Maggio 37  27038 Robbio ( PV ),Vesoli Francesco srl,550000
527012,LOMBARDIA X FEDE,Via Maria Ausiliatrice 4   20871 Vimercate ( MB ),Ancona Benedetto srl,645000
527017,LOMBARDIA X FEDE,Via Verdi  20816 Ceriano Laghetto ( MB ),Cev srl - Costruzioni Edili di Vavassori Silvio,1440000
527021,LOMBARDIA X FEDE,Via Donizzetti 4  20836 Briosco ( MB ),Residenza la Torre srl,2400000
527029,LOMBARDIA X FEDE,Via Isonzo 10  20867 Caponago ( MB ),Edelit srl,800000
527072,LOMBARDIA X FEDE,Via Mosso 4  20127 Milano ( MI ),Pascolo srl,843000
527076,LOMBARDIA X FEDE,Via Donato Bramante 10  20020 Magnago ( MI ),Costruzioni 700 srls,900000
527315,LOMBARDIA X FEDE,Via Marconi 248  20099 Sesto San Giovanni ( MI ),Impresa Edile Mariani srl,5200000
527319,LOMBARDIA X FEDE,Via Nani  23100 Sondrio ( SO ),ALPI Cons.Stabile scarl; HW Style srl,4409000
527386,LOMBARDIA X FEDE,Via Cavour 2  21019 Somma Lombardo ( VA ),Capogruppo ATI,2990000
527439,LOMBARDIA X FEDE,Via Stazione  24030 Paladina ( BG ),Impresa Edili Bonalumi,1000000
527652,LOMBARDIA X FEDE,Via Cusago 96  20153 Milano ( MI ),Giuppi srl,6000000
527658,LOMBARDIA X FEDE,Via Baldinucci 46  20158 Milano ( MI ),Caiabono srl,5600000
527660,LOMBARDIA X FEDE,C.so Europa 2  20122 Milano ( MI ),Esse A3 srl,5000000
527698,LOMBARDIA X FEDE,Via degli Ulivi  25038 Rovato ( BS ),Reccagni Costruzioni srl,1000000
527738,LOMBARDIA X FEDE,Via Grazzine 23  25128 Brescia ( BS ),Azimut srl,2000000
527852,LOMBARDIA X FEDE,Via Carlo D'Angiò  46044 Goito ( MN ),Edildi di Dancelli Enrico & C snc,800000
527863,LOMBARDIA X FEDE,Via Bergamo  20047 Cusago ( MI ),Devero Costruzioni SpA,5000000
527957,LOMBARDIA X FEDE,Via Toscana 7  20084 Lacchiarella ( MI ),Lakimm srl,3000000
528095,LOMBARDIA X FEDE,via Martin Luther King 1  24121 Bergamo ( BG ),Impresa Edile De Carli Andrea srl; Impresa Edile Paris Giovanni & C snc,2500000
528360,LOMBARDIA X FEDE,Campus La Masa - Bovisa  20156 Milano ( MI ),Notarimpresa SpA,
528430,LOMBARDIA X FEDE,V.le Cremona 178  27100 Pavia ( PV ),Sica Group srl,3040000
528439,LOMBARDIA X FEDE,Via Zuccala 1  24031 Almenno San Salvatore ( BG ),Gervasoni Bruno srl,867000
528563,LOMBARDIA X FEDE,Via Davanzati 20  20158 Milano ( MI ),C&I Group srl,2000000
528575,LOMBARDIA X FEDE,P.za del Mercato  25060 Tavernole sul Mella ( BS ),Edilcantieri Costruzioni srl,868000
528646,LOMBARDIA X FEDE,Q.re Sanpolino  25134 Brescia ( BS ),Dicataldo Sabino; integrato,15522000
528672,LOMBARDIA X FEDE,Via Alessandria 5  20025 Legnano ( MI ),Monaci Costruzioni srl,1300000
528814,LOMBARDIA X FEDE,Via Luigi Galvani 13  20019 Settimo Milanese ( MI ),Galvani Costruzioni srl,5000000
528816,LOMBARDIA X FEDE,Via Antonio Vivaldi 19  20052 Vignate ( MI ),Gieffe srl,4800000
529045,LOMBARDIA X FEDE,Via Angelo Zammarchi  25135 Brescia ( BS ),Migliorati Costruzioni srl,800000
529130,LOMBARDIA X FEDE,Via Roma 65  26010 Ricengo ( CR ),Idro Termo Cremasca srl,800000
529174,LOMBARDIA X FEDE,Via Cervino  22072 Cermenate ( CO ),Percassi Costruzioni srl,800000
529177,LOMBARDIA X FEDE,Via Privata San Romanello  20153 Milano ( MI ),Abbruscato Costruzioni srl; BSN COSTRUZIONI SRL; Primitalia Real Estate srl,2500000
529197,LOMBARDIA X FEDE,Via Puccini  21019 Somma Lombardo ( VA ),3F Costruzioni srl,1700000
529201,LOMBARDIA X FEDE,Loc. Casarola  24032 Torre de' Busi ( BG ),Roncelli Group srl,7000000
529259,LOMBARDIA X FEDE,Via Barrella 6  20157 Milano ( MI ),Ediltecno Restauri srl,15000000
529294,LOMBARDIA X FEDE,Via Piave  21019 Somma Lombardo ( VA ),Devero Costruzioni SpA,7000000
529406,LOMBARDIA X FEDE,Loc. Fraciscio  23021 Campodolcino ( SO ),Edilizia Snider di Snider Mario & C snc,640000
529601,LOMBARDIA X FEDE,Via Sant'Antonio  20822 Seveso ( MB ),Due T Imm.re srl,2480000
529611,LOMBARDIA X FEDE,Via dell'Artigianato  46010 Gazzuolo ( MN ),S2 srl,500000
529724,LOMBARDIA X FEDE,Via Sella Nuova 10  20152 Milano ( MI ),AeC Costruzioni srl,15000000
529815,LOMBARDIA X FEDE,Via A. Pozzi  25013 Carpenedolo ( BS ),Sigea Holding srl,6000000
530038,LOMBARDIA X FEDE,Via Masera  25056 Ponte di Legno ( BS ),Bonavetti Costruzioni srl,1800000
530041,LOMBARDIA X FEDE,C.so Matteotti 3  23900 Lecco ( LC ),Picenni F.lli snc,500000
530066,LOMBARDIA X FEDE,Via Pietro Venino 11   20093 Cologno Monzese ( MI ),GE Homes,2800000
530118,LOMBARDIA X FEDE,Via Leonardo da Vinci  20055 Vimodrone ( MI ),LDV Immobiliare srl,1200000
530133,LOMBARDIA X FEDE,Via Guido Rossa  20089 Rozzano ( MI ),Ranieri srl,1045000
530171,LOMBARDIA X FEDE,Via Dei Ronchi di Sopra  24045 Fara Gera d'Adda ( BG ),Beccaceci srl; Consorzio Stabile Build scarl,1453000
530301,LOMBARDIA X FEDE,Via delle Grazzine 22  25128 Brescia ( BS ),Lpl srl,1200000
530306,LOMBARDIA X FEDE,Via Giacomo Medici  20900 Monza ( MB ),Sant'Alessandra srl,4160000
530339,LOMBARDIA X FEDE,Via dell'Industria 38   46043 Castiglione delle Stiviere ( MN ),MC Prefabbricati SpA,2100000
530345,LOMBARDIA X FEDE,Via San Giulio  46030 Pomponesco ( MN ),Edilbig Costruzioni srl,920000
530417,LOMBARDIA X FEDE,Via Diaz 48  20020 Magnago ( MI ),Gherardi Costruzioni srls,800000
530589,LOMBARDIA X FEDE,Via Cardinal Andrea Carlo Ferrari 15  20015 Parabiago ( MI ),MDG Immobiliare srl,1100000
530602,LOMBARDIA X FEDE,Via Trieste  20031 Cesate ( MI ),Annalisa Re srl,1500000
530603,LOMBARDIA X FEDE,Loc. Bereguardina   20080 Vernate ( MI ),Edilizia srl,1200000
530829,LOMBARDIA X FEDE,Via Pablo Neruda  20861 Brugherio ( MB ),MC Costruzioni srl,4480000
530882,LOMBARDIA X FEDE,via Paravia 26  20100 Milano ( MI ),Doppia C Impianti di Capacchione Cosimo,807000
531125,LOMBARDIA X FEDE,Via Val Gardena 17  20128 Milano ( MI ),Giemme Costruzioni srl; Mossini Group srl,2600000
531151,LOMBARDIA X FEDE,Via Leopardi 19  20015 Parabiago ( MI ),Leonardo Costruzioni srl,2500000
531185,LOMBARDIA X FEDE,Via Decò  24068 Seriate ( BG ),MCF Costruzioni Generali,640000
531311,LOMBARDIA X FEDE,Via San Giovanni Bosco  23880 Casatenovo ( LC ),Impresa Edile Costruzioni Sassella srl,800000
531430,LOMBARDIA X FEDE,Via Legnone 32  20158 Milano ( MI ),Fata Capital srl,2800000
531441,LOMBARDIA X FEDE,Via Binda 12  20143 Milano ( MI ),Fata Capital srl,4500000
531461,LOMBARDIA X FEDE,Via Piave  23848 Oggiono ( LC ),Impresa Edile Piantanida Luca e Scalese Maurizio,640000
531556,LOMBARDIA X FEDE,Via Verga 1  25015 Desenzano del Garda ( BS ),Immobiliare Danilo srl,1000000
531558,LOMBARDIA X FEDE,Via Verga 5  25015 Desenzano del Garda ( BS ),Verghouse srl,800000
531645,LOMBARDIA X FEDE,Via Bignanico 18-20  22100 Como ( CO ),Opera Consorzio Stabile; SIME Restauri srl; Selva Mercurio srl,2623000
531673,LOMBARDIA X FEDE,Via della Vignazza  23851 Galbiate ( LC ),Edile 3 srl,1600000
531716,LOMBARDIA X FEDE,Via Turati  20826 Misinto ( MB ),Soimod SpA,5500000
531718,LOMBARDIA X FEDE,Via Antonio Meucci  21050 Cairate ( VA ),SO.FA srl,1200000
531738,LOMBARDIA X FEDE,Via Alamanni 12  21056 Induno Olona ( VA ),D'Andrea Costruzioni srl,1000000
531745,LOMBARDIA X FEDE,Via Giovanni Pascoli  21050 Cantello ( VA ),Gilomach srl,650000
531857,LOMBARDIA X FEDE,V.le Lombardia 24  20093 Cologno Monzese ( MI ),IM-LA Holding SpA,14000000
531860,LOMBARDIA X FEDE,Via Michele Pericle Negrotto 59  20157 Milano ( MI ),CBRE Italy,13000000
531861,LOMBARDIA X FEDE,Via Galliano  20812 Limbiate ( MB ),Genovesi Costruzioni sas di Genovesi E&C,1600000
531926,LOMBARDIA X FEDE,Via Milano  20841 Carate Brianza ( MB ),Geoide Project and Contract srl,6880000
531972,LOMBARDIA X FEDE,Via Cav. di Vittorio Veneto  27022 Casorate Primo ( PV ),Maurelli Costruzioni srl,6000000
532119,LOMBARDIA X FEDE,Via Tocqueville 13   20154 Milano ( MI ),Fratelli Gelmini srl; Sercos Servizi Costruzioni SpA,25000000
532249,LOMBARDIA X FEDE,Via Crocifisso   20871 Vimercate ( MB ),Devero Costruzioni SpA,7360000
532250,LOMBARDIA X FEDE,Via Ida Maria Encidi  20861 Brugherio ( MB ),Devero Costruzioni SpA,9920000
532251,LOMBARDIA X FEDE,Via Piacenza 1  20064 Gorgonzola ( MI ),Devero Costruzioni SpA,7000000
532254,LOMBARDIA X FEDE,Via Don Luigi Orione 22  20132 Milano ( MI ),RCM Restauro Consolidamento Manutenzione srl,2500000
532338,LOMBARDIA X FEDE,Via Alleanza  20812 Limbiate ( MB ),Tipiesse SpA,1677000
532374,LOMBARDIA X FEDE,Via Monte Rosa 96  20149 Milano ( MI ),BMB Costruzioni srl,1000000
532463,LOMBARDIA X FEDE,Via Zumbini 37  20143 Milano ( MI ),Giuppi srl,4000000
532467,LOMBARDIA X FEDE,Via Guglielmo Marconi 23  25128 Brescia ( BS ),Immobiliare Marconi srl,800000
532511,LOMBARDIA X FEDE,Via Fanti 3   21013 Gallarate ( VA ),Impresa Ielmini Felice srl,1200000
532545,LOMBARDIA X FEDE,Via Vincenzo Bellini 3  20087 Robecco sul Naviglio ( MI ),Immobiliare Magistrelli sas di Magistrelli Cristiano &,600000
532642,LOMBARDIA X FEDE,Via Palestro  24030 Brembate di Sopra ( BG ),Costruzioni Agazzi srl,2240000
532733,LOMBARDIA X FEDE,Via Magellano 14  25032 Chiari ( BS ),Repol srl,1200000
532736,LOMBARDIA X FEDE,Via Mozzi 22  24030 Mozzo ( BG ),Paratico Costruzioni srl,800000
532738,LOMBARDIA X FEDE,Via Marco Carminati 16  24047 Treviglio ( BG ),Paratico Costruzioni srl,1440000
532739,LOMBARDIA X FEDE,Via Cesare Battisti 34  20077 Melegnano ( MI ),Sala Costruzioni,500000
532799,LOMBARDIA X FEDE,Via Cesare Cantù  23887 Olgiate Molgora ( LC ),Geda Immobili srl,800000
532803,LOMBARDIA X FEDE,Via Sant’Antonio  20038 Busto Garolfo ( MI ),Edilcomfort srl Unipersonale,1400000
532804,LOMBARDIA X FEDE,Via Fratelli di Dio  20035 Villa Cortese ( MI ),Edilcomfort srl Unipersonale,1600000
532826,LOMBARDIA X FEDE,Via Gentileschi  46030 San Giorgio Bigarello ( MN ),Theico Imm.re srl,4320000
532857,LOMBARDIA X FEDE,Via S.Vittore 35  20123 Milano ( MI ),ArCo Lavori s.coop.consortile; Teicos UE srl,9686000
532864,LOMBARDIA X FEDE,Via Cederna 41  20900 Monza ( MB ),New Building srl,4160000
532968,LOMBARDIA X FEDE,C.so Europa  23801 Calolziocorte ( LC ),Impresa Riva srl,3000000
532978,LOMBARDIA X FEDE,Via dell'Industria  25037 Pontoglio ( BS ),Impresa Vitali Luigi srl,672000
532992,LOMBARDIA X FEDE,Via Matteotti Nord  20058 Zibido San Giacomo ( MI ),FL Costruzioni srl,2500000
533021,LOMBARDIA X FEDE,Via Angelo Maj 1  24121 Bergamo ( BG ),Edifica Terza srl,3500000
533035,LOMBARDIA X FEDE,Via Rosolino Pilo  20015 Parabiago ( MI ),Masceracom srl,600000
533084,LOMBARDIA X FEDE,Via Parodi 57  23826 Mandello del Lario ( LC ),Rota Nodari F.lli SpA,30000000
533156,LOMBARDIA X FEDE,Via San Biagio 1  25085 Gavardo ( BS ),Impresa Edile Medeghini Davide di Medeghini F.lli,500000
533364,LOMBARDIA X FEDE,Via Vittorio Veneto 42  24067 Sarnico ( BG ),Tyche Building,2400000
533514,LOMBARDIA X FEDE,P.za Virgo Fidelis  20861 Brugherio ( MB ),Inarco srl,600000
533543,LOMBARDIA X FEDE,Via al Bacco  23823 Colico ( LC ),RMI Costruzioni srl,1970000
533557,LOMBARDIA X FEDE,Via dall'Alto  22010 Gera Lario ( CO ),EDILGI di Gusmeroli Luigi srl,2240000
533582,LOMBARDIA X FEDE,Via Mascagni  24060 Villongo ( BG ),Costruzioni Bonardi Stefano,640000
533586,LOMBARDIA X FEDE,Via Vittorio Veneto  22071 Cadorago ( CO ),De Marchi Danilo Costruzioni srl,2080000
533837,LOMBARDIA X FEDE,Via Nazario Sauro 17  27049 Stradella ( PV ),Melyshi Costruzioni srl,2240000
533871,LOMBARDIA X FEDE,Via San Bernardino  20836 Briosco ( MB ),Cavit Imm.re srl,800000
533896,LOMBARDIA X FEDE,Via Mascagni 4  20872 Cornate d'Adda ( MB ),Tyche Building,2080000
534028,LOMBARDIA X FEDE,Via I Maggio  20836 Briosco ( MB ),Area Costruzioni srl,2000000
534033,LOMBARDIA X FEDE,Via Roma  22040 Lurago d'Erba ( CO ),Impresa Edile Stampini srl,4320000
534040,LOMBARDIA X FEDE,Via N. Sauro  22070 Carbonate ( CO ),Essegi srl,1400000
534053,LOMBARDIA X FEDE,Via Roma   26010 Ricengo ( CR ),RIAL Costruzioni di Rigoli Giosuè,500000
534135,LOMBARDIA X FEDE,Via Padova  27018 Vidigulfo ( PV ),Safa srl,1280000
534175,LOMBARDIA X FEDE,Via Nazario Sauro 8  20034 San Giorgio su Legnano ( MI ),Word Building srls,800000
534270,LOMBARDIA X FEDE,Via Monte Grappa  20060 Pozzuolo Martesana ( MI ),R.Casa Holding srl,1500000
534399,LOMBARDIA X FEDE,Via G. Garibaldi 18  25010 Borgosatollo ( BS ),Lucchini Costruzioni srl,4200000
534421,LOMBARDIA X FEDE,Via Verdi 64   20063 Cernusco sul Naviglio ( MI ),Simpredil Costruzioni Generali srl,3000000
534604,LOMBARDIA X FEDE,Via Milano 12  21047 Saronno ( VA ),Impredes srl,1000000
534693,LOMBARDIA X FEDE,Via Don Carlo Gnocchi  24064 Grumello del Monte ( BG ),Pagani Costruzioni snc,640000
534696,LOMBARDIA X FEDE,Via Turoldo 76  20065 Inzago ( MI ),Anna Costruzioni srl,1000000
535020,LOMBARDIA X FEDE,P.za Emanuele Samek Lodovici 5  20081 Abbiategrasso ( MI ),Consorzio Nazionale Coop.Produzione Lavoro Ciro,3450000
535107,LOMBARDIA X FEDE,Via Papa Giovanni XXIII  24050 Palosco ( BG ),3P Icca srl,800000
535110,LOMBARDIA X FEDE,Via Vasil Levski   24060 Bolgare ( BG ),Fin Edil srl,960000
535151,LOMBARDIA X FEDE,Via Bellini 20  20900 Monza ( MB ),I Rododendri srl,2560000
535219,LOMBARDIA X FEDE,Via Legnano 19  24124 Bergamo ( BG ),SICI Abitare srl,4800000
535264,LOMBARDIA X FEDE,Lungo Lago Battisti 111  25015 Desenzano del Garda ( BS ),Marella Costruzioni srl,650000
535339,LOMBARDIA X FEDE,Via Pio XII 50  20060 Pozzuolo Martesana ( MI ),Libruma Costruzioni srl,2100000
535628,LOMBARDIA X FEDE,P.za Ospedale Maggiore  3  20161 Milano ( MI ),Capogruppo ATI; Gruppo Eden srls Edilizia Energetica,1591000
535632,LOMBARDIA X FEDE,P.za ospedale maggiore 3   20161 Milano ( MI ),Capogruppo ATI; Gruppo Eden srls Edilizia Energetica,701000
535684,LOMBARDIA X FEDE,Via delle Ville  21029 Vergiate ( VA ),GNF Costruzioni e Scavi srl,700000
535825,LOMBARDIA X FEDE,Via Giacomo Puccini  22070 Montano Lucino ( CO ),Guffanti SpA,1760000
536041,LOMBARDIA X FEDE,Via Castelleone  26100 Cremona ( CR ),Bonazzoli Costruzioni srl,1440000
536046,LOMBARDIA X FEDE,Via Matteotti  26037 San Giovanni in Croce ( CR ),Bonazzoli Costruzioni srl,2400000
536119,LOMBARDIA X FEDE,P.za Papa Giovanni Paolo II   24030 Brembate di Sopra ( BG ),Man srl,1440000
536125,LOMBARDIA X FEDE,Via Genova  21017 Samarate ( VA ),Impresa di Costruzioni Pelligro' di Pelligro' Mirko e,500000
536133,LOMBARDIA X FEDE,Via Don Luigi Milani  20097 San Donato Milanese ( MI ),Sant'Ilario Società Cooperativa Edilizia,3500000
536144,LOMBARDIA X FEDE,Via Aldo Moro  24060 Chiuduno ( BG ),Fratus Edile srl,640000
536189,LOMBARDIA X FEDE,Via E.Montale 5  20834 Nova Milanese ( MB ),INC2 - Imm.re Nova Cladue srl,3840000
536228,LOMBARDIA X FEDE,Via San Michele del Carso  20834 Nova Milanese ( MB ),INC2 - Imm.re Nova Cladue srl,4480000
536278,LOMBARDIA X FEDE,Via Monterosa 7  22070 Bulgarograsso ( CO ),Falco Costruzioni srl,1000000
536285,LOMBARDIA X FEDE,V.le Concordia 1  26100 Cremona ( CR ),CPL Concordia Soc. Coop.; Consorzio Nazionale Coop.Produzione Lavoro Ciro; Gravili srl; aggiudicato mediante sottoscrizione di accordo quadro con,3305000
536310,LOMBARDIA X FEDE,Via Don Seghezzi  24059 Urgnano ( BG ),Aria Verde srl,1120000
536527,LOMBARDIA X FEDE,Via Fornaci 59  25131 Brescia ( BS ),ACG Costruzioni di Marca Giacomo,1000000
536636,LOMBARDIA X FEDE,Via Portaluppi 57  24047 Treviglio ( BG ),BRB Costruzioni Edili srl,640000
537274,LOMBARDIA X FEDE,Via Montale  25015 Desenzano del Garda ( BS ),Gilioli Costruzioni,1300000
537398,LOMBARDIA X FEDE,Via Antica Regina  22013 Domaso ( CO ),Impresa Edile Poncia Giovanni & C snc,1120000
537547,LOMBARDIA X FEDE,Via A. Locatelli  24044 Dalmine ( BG ),Ferretti Casa SpA,4800000
537548,LOMBARDIA X FEDE,C.so Europa 115  20017 Rho ( MI ),Ferretti Casa SpA,15000000
537563,LOMBARDIA X FEDE,Via Girotti 3  20008 Bareggio ( MI ),Bramante Immobiliare srl,1000000
537578,LOMBARDIA X FEDE,Via W.A. Mozart  24033 Calusco d'Adda ( BG ),Impresa Fontana Luigi srl,1280000
537675,LOMBARDIA X FEDE,Via Italo Calvino  22032 Albese con Cassano ( CO ),EdilGeMi srl,1000000
537715,LOMBARDIA X FEDE,Via Re Umberto I  20045 Lainate ( MI ),Sistema Costruzioni srl,9000000
537925,LOMBARDIA X FEDE,Via Luigi Cadorna 4  46029 Suzzara ( MN ),Paladino Costruzioni srl,2023000
537929,LOMBARDIA X FEDE,Via Roma  25030 Urago d'Oglio ( BS ),Girelli Costruzioni srl; Tonelli SpA,3000000
537933,LOMBARDIA X FEDE,Via Fermi 7  24068 Seriate ( BG ),Giama Immobiliare srl,3000000
537992,LOMBARDIA X FEDE,Via San Martino 2  24067 Sarnico ( BG ),SDM srl,1300000
538028,LOMBARDIA X FEDE,Loc. Rivetta  23824 Dorio ( LC ),Rivetta srl,2240000
538462,LOMBARDIA X FEDE,C.so di Porta Ticinese 89  20123 Milano ( MI ),Edil Ferri SpA,3000000
538468,LOMBARDIA X FEDE,V.le Borri 21 G  21053 Castellanza ( VA ),Bresciani Costruzioni srl,2000000
538929,LOMBARDIA X FEDE,Via Dante 5/7  26838 Tavazzano con Villavesco ( LO ),Edil Art Consorzio Imprese Artigiane; PSC Edilizia Moderna srl,1087000
539038,LOMBARDIA X FEDE,Str. Rizza di Mirabello  27100 Pavia ( PV ),AM Group Milano srl,1800000
539053,LOMBARDIA X FEDE,Via Monte Prato Magno 7  20149 Milano ( MI ),Mapen srl,2500000
539055,LOMBARDIA X FEDE,Via Val Gardena 13  20128 Milano ( MI ),Edilpan srl,3200000
539276,LOMBARDIA X FEDE,Via delle Quadre  25085 Gavardo ( BS ),Società Generali Costruzioni srl,2000000
539377,LOMBARDIA X FEDE,Via Palermo  20090 Buccinasco ( MI ),Attività Edilizie Bergamasche srl,10000000
539810,LOMBARDIA X FEDE,Via San Fereolo 13  26900 Lodi ( LO ),Lauria Impianti srl,2908000
539813,LOMBARDIA X FEDE,Via San Fereolo 15  26900 Lodi ( LO ),Sinergica SpA,3104000
539891,LOMBARDIA X FEDE,P.za Aldo Moro 6  25025 Manerbio ( BS ),Idroclima di Quinzanini srl,9000000
539991,LOMBARDIA X FEDE,P.za VI Febbraio  20145 Milano ( MI ),Secap SpA,15000000
540205,LOMBARDIA X FEDE,Via Palma il Vecchio   24040 Bonate Sotto ( BG ),Nord Costruzioni srl,640000
540388,LOMBARDIA X FEDE,Via Meucci 1  24035 Curno ( BG ),Spedil srl,2720000
540451,LOMBARDIA X FEDE,Via Papini  20831 Seregno ( MB ),Locatelli & Ragazzo SpA,500000
540483,LOMBARDIA X FEDE,V.le Piceno  20129 Milano ( MI ),ArCo Lavori s.coop.consortile; aggiudicato a seguito di sottoscrizione,1147000
540887,LOMBARDIA X FEDE,Via G. D'Annunzio 21  25088 Toscolano-Maderno ( BS ),Impresa Edile F.li Tonoli srl,500000
541271,LOMBARDIA X FEDE,Via Marconi  24035 Curno ( BG ),Bergum Immobili SpA,7700000
541274,LOMBARDIA X FEDE,Via Giovanna d'Arco  24056 Fontanella ( BG ),Svi srl,500000
541438,LOMBARDIA X FEDE,Via Don Gnocchi  23880 Casatenovo ( LC ),Immobiliare Parco Village srl,2320000
541708,LOMBARDIA X FEDE,Via Manara  26010 Vaiano Cremasco ( CR ),Chizzoli Andrea,1280000
541887,LOMBARDIA X FEDE,Via Cerri 16  23807 Merate ( LC ),Valsecchi Costruzioni srl,1920000
541897,LOMBARDIA X FEDE,Via Gianpiero Stucchi  20874 Busnago ( MB ),Replas Costruzioni srl,800000
542047,LOMBARDIA X FEDE,Via Patuzza  25080 Mazzano ( BS ),Futura Costruzioni srl,1000000
542061,LOMBARDIA X FEDE,Via Varese  22070 Appiano Gentile ( CO ),Costruire srl,800000
542822,LOMBARDIA X FEDE,Via Roma  23033 Grosio ( SO ),SADA Taglio Cemento srl,2560000
542870,LOMBARDIA X FEDE,Via Borsieri  20008 Bareggio ( MI ),Edil Verga 90 srl,700000
